"";"team.name";"player.name";"num_elim_players_in_line";"number_passes";"num_eliminated_players";"number_of_matches";"average_length_gain";"nb_passes_forward";"nb_pass_broke_line";"average.ball.end.x";"average.ball.end.y";"average_nb_players_forward";"nb_pass_complete";"num_eliminated_players_complete_pass";"real_average_length_gain";"ratio_pass_broke_line";"ratio_nb_eliminated_players";"num_elim_players_in_line_by_match";"number_passes_by_match";"num_eliminated_players_by_match";"average_length_gain_by_match";"nb_passes_forward_by_match";"nb_pass_broke_line_by_match";"average.ball.end.x_by_match";"average.ball.end.y_by_match";"average_nb_players_forward_by_match";"nb_pass_complete_by_match";"real_average_length_gain_by_match";"num_eliminated_players_complete_pass_by_match";"num_eliminated_players_in_line_by_match"
"1";"Spain";"Daniel Olmo Carvajal";36;175;262;5;11,69;28;5;79,55;37,49;3;27;27;3,97;0,029;0,137;7,2;35;52,4;2,338;5,6;1;15,91;7,498;0,6;5,4;0,794;5,4;7,2
"2";"Spain";"Aymeric Laporte";131;622;1018;6;11,94;114;13;57,88;36,13;4,22;128;196;8,11;0,021;0,129;21,833;103,667;169,667;1,99;19;2,167;9,647;6,022;0,703;21,333;1,352;32,667;21,833
"3";"Italy";"Emerson Palmieri dos Santos";9;129;163;4;12,3;15;2;48,67;17,86;3,33;22;19;3,14;0,016;0,055;2,25;32,25;40,75;3,075;3,75;0,5;12,168;4,465;0,833;5,5;0,785;4,75;2,25
"4";"Italy";"Ciro Immobile";18;122;91;6;13,03;7;1;69,62;23,07;2,4;6;10;7,77;0,008;0,198;3;20,333;15,167;2,172;1,167;0,167;11,603;3,845;0,4;1;1,295;1,667;3
"5";"Spain";"Eric García Martret";50;271;316;3;10,93;90;5;53,46;47,61;4,29;125;125;4,94;0,018;0,158;16,667;90,333;105,333;3,643;30;1,667;17,82;15,87;1,43;41,667;1,647;41,667;16,667
"6";"Spain";"Unai Simón Mendibil";24;160;194;6;15,81;44;4;30,09;39,12;2,04;39;15;15,08;0,025;0,124;4;26,667;32,333;2,635;7,333;0,667;5,015;6,52;0,34;6,5;2,513;2,5;4
"10";"Spain";"Jordi Alba Ramos";68;505;825;6;12,54;64;6;70,32;19,16;3,77;73;100;5,4;0,012;0,082;11,333;84,167;137,5;2,09;10,667;1;11,72;3,193;0,628;12,167;0,9;16,667;11,333
"11";"Spain";"Ferrán Torres García";17;131;163;6;9,38;8;2;78,39;13,75;5;18;12;-5,34;0,015;0,104;2,833;21,833;27,167;1,563;1,333;0,333;13,065;2,292;0,833;3;-0,89;2;2,833
"15";"Spain";"Sergio Busquets i Burgos";124;303;566;4;12,04;32;4;61,51;40,48;4,66;65;77;1,5;0,013;0,219;31;75,75;141,5;3,01;8;1;15,377;10,12;1,165;16,25;0,375;19,25;31
"16";"Italy";"Jorge Luiz Frello Filho";163;493;859;7;17,21;15;3;48,07;51,18;4,81;25;29;2,71;0,006;0,19;23,286;70,429;122,714;2,459;2,143;0,429;6,867;7,311;0,687;3,571;0,387;4,143;23,286
"17";"Italy";"Federico Chiesa";18;96;124;7;8,89;8;0;65,94;66,49;3,29;9;10;2,21;0;0,145;2,571;13,714;17,714;1,27;1,143;0;9,42;9,499;0,47;1,286;0,316;1,429;2,571
"19";"Spain";"Jorge Resurrección Merodio";78;419;782;6;13,93;29;5;72,06;49,59;4,41;49;90;2,98;0,012;0,1;13;69,833;130,333;2,322;4,833;0,833;12,01;8,265;0,735;8,167;0,497;15;13
"20";"Italy";"Giorgio Chiellini";38;278;395;5;18,3;38;6;50;30,99;3,96;46;75;10,06;0,022;0,096;7,6;55,6;79;3,66;7,6;1,2;10;6,198;0,792;9,2;2,012;15;7,6
"22";"Italy";"Gianluigi Donnarumma";15;160;258;7;32,18;26;4;36,14;37,64;1,61;22;25;24,92;0,025;0,058;2,143;22,857;36,857;4,597;3,714;0,571;5,163;5,377;0,23;3,143;3,56;3,571;2,143
"23";"Italy";"Giovanni Di Lorenzo";51;291;535;6;16,41;22;0;58,16;46,99;3,7;30;47;5,4;0;0,095;8,5;48,5;89,167;2,735;3,667;0;9,693;7,832;0,617;5;0,9;7,833;8,5
"27";"Italy";"Leonardo Bonucci";134;446;877;7;24,25;34;3;52,38;43,97;3,16;31;49;16,3;0,007;0,153;19,143;63,714;125,286;3,464;4,857;0,429;7,483;6,281;0,451;4,429;2,329;7;19,143
"34";"Italy";"Lorenzo Insigne";67;311;477;6;14,38;16;4;73,66;31,23;3,13;22;29;3,62;0,013;0,14;11,167;51,833;79,5;2,397;2,667;0,667;12,277;5,205;0,522;3,667;0,603;4,833;11,167
"40";"Italy";"Marco Verratti";112;405;619;5;9,5;15;1;56,49;29,69;4,96;23;24;3,24;0,002;0,181;22,4;81;123,8;1,9;3;0,2;11,298;5,938;0,992;4,6;0,648;4,8;22,4
"45";"Italy";"Nicolò Barella";66;227;341;6;15,88;8;2;73,77;54,33;5,11;12;13;0,27;0,009;0,194;11;37,833;56,833;2,647;1,333;0,333;12,295;9,055;0,852;2;0,045;2,167;11
"48";"Spain";"César Azpilicueta Tanco";51;272;460;4;11,54;25;0;57,69;61,41;5,12;55;40;-3,46;0;0,111;12,75;68;115;2,885;6,25;0;14,422;15,352;1,28;13,75;-0,865;10;12,75
"62";"Spain";"Pedro González López";114;441;902;6;9,53;29;3;68,15;28,59;4,53;58;82;-2,44;0,007;0,126;19;73,5;150,333;1,588;4,833;0,5;11,358;4,765;0,755;9,667;-0,407;13,667;19
"98";"Spain";"Mikel Oyarzabal Ugarte";15;90;84;6;8,07;9;1;83,33;54,07;5,7;22;15;-2,71;0,011;0,179;2,5;15;14;1,345;1,5;0,167;13,888;9,012;0,95;3,667;-0,452;2,5;2,5
"674";"Spain";"Álvaro Borja Morata Martín";19;133;110;6;8,52;6;1;86,55;24,84;4,56;9;14;-0,57;0,008;0,173;3,167;22,167;18,333;1,42;1;0,167;14,425;4,14;0,76;1,5;-0,095;2,333;3,167
"723";"Italy";"Domenico Berardi";36;130;163;6;5,18;6;2;67,54;52,32;3,82;7;7;-2,57;0,015;0,221;6;21,667;27,167;0,863;1;0,333;11,257;8,72;0,637;1,167;-0,428;1,167;6
"762";"Spain";"Rodrigo Hernández Cascante";34;186;248;5;11,64;20;5;64,87;57,6;4,77;42;61;-1,24;0,027;0,137;6,8;37,2;49,6;2,328;4;1;12,974;11,52;0,954;8,4;-0,248;12,2;6,8
"772";"Spain";"Gerard Moreno Balaguero";19;112;135;5;11,21;11;0;76,19;58,97;3,78;16;7;-0,53;0;0,141;3,8;22,4;27;2,242;2,2;0;15,238;11,794;0,756;3,2;-0,106;1,4;3,8
"839";"Italy";"Matteo Pessina";4;56;87;4;9,35;4;0;84,16;34,08;5,33;7;5;-0,64;0;0,046;1;14;21,75;2,337;1;0;21,04;8,52;1,332;1,75;-0,16;1,25;1
"900";"Italy";"Andrea Belotti";4;31;22;5;13,23;4;1;70,18;43,94;2,2;2;3;8;0,032;0,182;0,8;6,2;4,4;2,646;0,8;0,2;14,036;8,788;0,44;0,4;1,6;0,6;0,8
"906";"Italy";"Rafael Tolói";25;78;169;3;24,96;13;4;73,58;66,59;1,53;10;35;19,94;0,051;0,148;8,333;26;56,333;8,32;4,333;1,333;24,527;22,197;0,51;3,333;6,647;11,667;8,333
"909";"Italy";"Manuel Locatelli";31;132;219;5;11,03;3;1;59,98;37,22;3,4;4;6;1,36;0,008;0,142;6,2;26,4;43,8;2,206;0,6;0,2;11,996;7,444;0,68;0,8;0,272;1,2;6,2
"922";"Spain";"Marcos Llorente Moreno";38;239;365;4;10,26;7;1;60,87;62,88;5,31;25;18;-7,36;0,004;0,104;9,5;59,75;91,25;2,565;1,75;0,25;15,217;15,72;1,327;6,25;-1,84;4,5;9,5
"1131";"Italy";"Federico Bernardeschi";0;47;81;4;0;0;0;96,7;31,6;3;0;0;-1,8;0;0;0;11,75;20,25;0;0;0;24,175;7,9;0,75;0;-0,45;0;0
"1139";"Spain";"Pau Francisco Torres";73;381;580;6;15,42;9;4;55,25;38,11;3,13;15;31;4,82;0,01;0,126;12,167;63,5;96,667;2,57;1,5;0,667;9,208;6,352;0,522;2,5;0,803;5,167;12,167
"1146";"Spain";"Thiago Alcântara do Nascimento";27;80;146;4;37,72;5;0;72,25;54,46;3,82;8;4;12,15;0;0,185;6,75;20;36,5;9,43;1,25;0;18,062;13,615;0,955;2;3,038;1;6,75
"12";"Russia";"Aleksey Miranchuk";16;48;92;3;16,88;5;2;76,09;48,16;4,09;7;11;2,35;0,042;0,174;5,333;16;30,667;5,627;1,667;0,667;25,363;16,053;1,363;2,333;0,783;3,667;5,333
"21";"Russia";"Igor Diveev";22;96;255;3;25,07;15;2;57,49;39,94;4,75;14;22;15,34;0,021;0,086;7,333;32;85;8,357;5;0,667;19,163;13,313;1,583;4,667;5,113;7,333;7,333
"31";"Denmark";"Simon Thorup Kjær";47;247;444;6;15,29;35;2;53,16;48,49;7,2;46;62;5,82;0,008;0,106;7,833;41,167;74;2,548;5,833;0,333;8,86;8,082;1,2;7,667;0,97;10,333;7,833
"41";"Denmark";"Jannik Vestergaard";41;226;393;6;12,85;36;6;51,83;33,74;6,8;51;44;4,17;0,027;0,104;6,833;37,667;65,5;2,142;6;1;8,638;5,623;1,133;8,5;0,695;7,333;6,833
"51";"Denmark";"Andreas Christensen";52;261;441;6;12,62;22;5;51,84;50,63;7,2;48;55;-0,75;0,019;0,118;8,667;43,5;73,5;2,103;3,667;0,833;8,64;8,438;1,2;8;-0,125;9,167;8,667
"7";"Russia";"Fedor Kudryashov";6;17;62;1;19,87;15;3;65,84;17,18;3,65;12;33;16,71;0,176;0,097;6;17;62;19,87;15;3;65,84;17,18;3,65;12;16,71;33;6
"9";"Denmark";"Kasper Schmeichel";44;98;327;6;37,1;27;1;51,28;39,61;3,7;14;17;37,1;0,01;0,135;7,333;16,333;54,5;6,183;4,5;0,167;8,547;6,602;0,617;2,333;6,183;2,833;7,333
"101";"Denmark";"Yussuf Yurary Poulsen";12;85;135;5;9,55;6;0;73,63;35,22;3,62;11;5;1,99;0;0,089;2,4;17;27;1,91;1,2;0;14,726;7,044;0,724;2,2;0,398;1;2,4
"111";"Russia";"Magomed Ozdoev";28;88;176;3;14,28;12;1;71,83;41,38;4,39;11;13;4;0,011;0,159;9,333;29,333;58,667;4,76;4;0,333;23,943;13,793;1,463;3,667;1,333;4,333;9,333
"121";"Russia";"Roman Zobnin";6;98;138;3;12,51;17;0;64;30,36;5;18;9;3,46;0;0,043;2;32,667;46;4,17;5,667;0;21,333;10,12;1,667;6;1,153;3;2
"13";"Russia";"Daler Kuzyaev";12;80;119;3;15,37;17;3;66,47;22,33;4,82;23;42;4,97;0,038;0,101;4;26,667;39,667;5,123;5,667;1;22,157;7,443;1,607;7,667;1,657;14;4
"18";"Russia";"Aleksandr Golovin";51;110;227;3;9,56;17;6;66,92;28,17;3,96;18;27;2,59;0,055;0,225;17;36,667;75,667;3,187;5,667;2;22,307;9,39;1,32;6;0,863;9;17
"191";"Denmark";"Thomas Delaney";59;233;421;6;16,32;25;6;66,04;38,63;5,61;43;71;4,35;0,026;0,14;9,833;38,833;70,167;2,72;4,167;1;11,007;6,438;0,935;7,167;0,725;11,833;9,833
"271";"Russia";"Georgiy Dzhikiya";13;109;238;3;29,54;12;3;70,86;42,53;3,75;10;21;18,26;0,028;0,055;4,333;36,333;79,333;9,847;4;1;23,62;14,177;1,25;3,333;6,087;7;4,333
"32";"Denmark";"Pierre-Emile Højbjerg";87;364;703;6;11,26;30;4;64,13;40,52;5,27;42;68;4,21;0,011;0,124;14,5;60,667;117,167;1,877;5;0,667;10,688;6,753;0,878;7;0,702;11,333;14,5
"33";"Denmark";"Daniel Wass";25;161;273;5;12,03;16;3;72,31;62,19;5,09;30;44;0,87;0,019;0,092;5;32,2;54,6;2,406;3,2;0,6;14,462;12,438;1,018;6;0,174;8,8;5
"35";"Denmark";"Martin Braithwaite Christensen";28;168;217;6;9,77;9;0;89,19;46,42;3,71;14;20;1,44;0;0,129;4,667;28;36,167;1,628;1,5;0;14,865;7,737;0,618;2,333;0,24;3,333;4,667
"36";"Denmark";"Joakim Mæhle";42;249;373;6;8,8;20;2;77,72;19,22;5,15;27;23;1,36;0,008;0,113;7;41,5;62,167;1,467;3,333;0,333;12,953;3,203;0,858;4,5;0,227;3,833;7
"55";"Denmark";"Mikkel Damsgaard";31;111;232;5;14,99;18;4;80,59;42,18;3,38;19;36;5,6;0,036;0,134;6,2;22,2;46,4;2,998;3,6;0,8;16,118;8,436;0,676;3,8;1,12;7,2;6,2
"72";"Russia";"Matvey Safonov";10;28;150;2;57,2;16;3;71,54;49,31;1,06;10;56;57,2;0,107;0,067;5;14;75;28,6;8;1,5;35,77;24,655;0,53;5;28,6;28;5
"76";"Russia";"Mário Figueira Fernandes";3;58;140;3;18,09;14;0;58,28;61,49;3,88;12;23;11,53;0;0,021;1;19,333;46,667;6,03;4,667;0;19,427;20,497;1,293;4;3,843;7,667;1
"129";"Russia";"Artem Dzyuba";6;66;106;3;10,2;13;0;84,33;41,46;3,1;11;14;4,35;0;0,057;2;22;35,333;3,4;4,333;0;28,11;13,82;1,033;3,667;1,45;4,667;2
"524";"Denmark";"Jens Stryger Larsen";41;155;325;6;15,19;8;2;84,73;58,04;4,56;11;21;5,3;0,013;0,126;6,833;25,833;54,167;2,532;1,333;0,333;14,122;9,673;0,76;1,833;0,883;3,5;6,833
"526";"Russia";"Aleksandr Sobolev";1;13;16;2;11,52;5;1;56,86;39,17;3,29;6;8;4,66;0,077;0,062;0,5;6,5;8;5,76;2,5;0,5;28,43;19,585;1,645;3;2,33;4;0,5
"527";"Russia";"Rifat Zhemaletdinov";3;15;21;2;8,45;4;0;73,93;35,73;2,83;5;4;4,23;0;0,143;1,5;7,5;10,5;4,225;2;0;36,965;17,865;1,415;2,5;2,115;2;1,5
"539";"Denmark";"Kasper Dolberg";0;44;41;4;7,2;1;0;87,85;50,48;5;3;1;-3,43;0;0;0;11;10,25;1,8;0,25;0;21,962;12,62;1,25;0,75;-0,858;0,25;0
"568";"Russia";"Maksim Mukhin";9;18;64;3;20,7;4;2;74,94;47,62;4,2;3;12;12,6;0,111;0,141;3;6;21,333;6,9;1,333;0,667;24,98;15,873;1,4;1;4,2;4;3
"572";"Russia";"Vyacheslav Karavaev";4;46;92;3;20,5;4;0;99,7;22,32;2,8;2;2;15,46;0;0,043;1,333;15,333;30,667;6,833;1,333;0;33,233;7,44;0,933;0,667;5,153;0,667;1,333
"590";"Denmark";"Christian Nørgaard";24;94;126;5;6,9;7;1;61,84;31,96;4,89;7;9;4,17;0,011;0,19;4,8;18,8;25,2;1,38;1,4;0,2;12,368;6,392;0,978;1,4;0,834;1,8;4,8
"632";"Denmark";"Andreas Evald Cornelius";6;27;42;4;11,17;3;1;92,92;39,16;3,8;4;12;5,1;0,037;0,143;1,5;6,75;10,5;2,792;0,75;0,25;23,23;9,79;0,95;1;1,275;3;1,5
"633";"Denmark";"Mathias Jensen";15;104;217;6;12,07;3;0;78,28;22,3;5,25;3;4;8,88;0;0,069;2,5;17,333;36,167;2,012;0,5;0;13,047;3,717;0,875;0,5;1,48;0,667;2,5
"14";"Slovakia";"Marek Hamšík";45;131;249;3;14,63;26;6;65,24;37,67;6,17;42;76;1,62;0,046;0,181;15;43,667;83;4,877;8,667;2;21,747;12,557;2,057;14;0,54;25,333;15
"24";"Slovakia";"Patrik Hrošovský";17;48;79;2;11,59;25;3;52,23;45,25;6,98;39;46;2,17;0,062;0,215;8,5;24;39,5;5,795;12,5;1,5;26,115;22,625;3,49;19,5;1,085;23;8,5
"37";"Slovakia";"Ľubomír Šatka";63;166;202;3;8,57;67;5;42,99;47,83;8,93;83;58;5,02;0,03;0,312;21;55,333;67,333;2,857;22,333;1,667;14,33;15,943;2,977;27,667;1,673;19,333;21
"42";"Slovakia";"Peter Pekarík";22;122;193;3;11,63;21;1;53,34;59,54;7,23;43;39;-0,15;0,008;0,114;7,333;40,667;64,333;3,877;7;0,333;17,78;19,847;2,41;14,333;-0,05;13;7,333
"61";"Slovakia";"Milan Škriniar";13;151;174;3;10,13;54;3;42,35;31,97;8,25;72;47;6,04;0,02;0,075;4,333;50,333;58;3,377;18;1;14,117;10,657;2,75;24;2,013;15,667;4,333
"71";"Slovakia";"Tomáš Hubočan";19;96;221;3;13,13;19;2;57,45;22,65;6,89;31;39;1,73;0,021;0,086;6,333;32;73,667;4,377;6,333;0,667;19,15;7,55;2,297;10,333;0,577;13;6,333
"122";"Slovakia";"Juraj Kucka";25;91;185;3;11,88;21;4;62,67;46,15;5,84;25;41;4,51;0,044;0,135;8,333;30,333;61,667;3,96;7;1,333;20,89;15,383;1,947;8,333;1,503;13,667;8,333
"141";"Slovakia";"Martin Dúbravka";15;69;191;3;24,6;22;1;37,47;48,8;6,65;16;15;23,48;0,014;0,079;5;23;63,667;8,2;7,333;0,333;12,49;16,267;2,217;5,333;7,827;5;5
"25";"Slovakia";"Martin Koscelník";4;35;67;2;14,29;14;2;63,24;58,38;5,85;28;30;-2,71;0,057;0,06;2;17,5;33,5;7,145;7;1;31,62;29,19;2,925;14;-1,355;15;2
"26";"Sweden";"Victor Nilsson Lindelöf";35;190;288;4;12,23;53;10;61,55;37,19;8,1;57;65;9,98;0,053;0,122;8,75;47,5;72;3,058;13,25;2,5;15,387;9,297;2,025;14,25;2,495;16,25;8,75
"272";"Sweden";"Kristoffer Olsson";67;145;286;4;12,03;24;8;69,81;41,08;7,19;32;54;3,73;0,055;0,234;16,75;36,25;71,5;3,007;6;2;17,452;10,27;1,798;8;0,932;13,5;16,75
"30";"Sweden";"Emil Peter Forsberg";41;133;241;4;11,48;22;6;82,03;28,38;5,5;35;74;2,65;0,045;0,17;10,25;33,25;60,25;2,87;5,5;1,5;20,508;7,095;1,375;8,75;0,662;18,5;10,25
"44";"Slovakia";"Ondrej Duda";17;77;111;3;9,71;11;4;73,02;45,5;6,31;29;30;-2,73;0,052;0,153;5,667;25,667;37;3,237;3,667;1,333;24,34;15,167;2,103;9,667;-0,91;10;5,667
"47";"Sweden";"Marcus Andreas Danielsson";10;134;222;4;10,41;24;2;59,81;28,81;7,6;34;33;2,57;0,015;0,045;2,5;33,5;55,5;2,602;6;0,5;14,953;7,202;1,9;8,5;0,642;8,25;2,5
"511";"Sweden";"Albin Ekdal";28;128;194;4;7,86;9;1;58,69;38,05;8,24;31;11;-4,96;0,008;0,144;7;32;48,5;1,965;2,25;0,25;14,672;9,512;2,06;7,75;-1,24;2,75;7
"57";"Sweden";"Alexander Isak";22;65;138;4;10,14;20;6;93,51;42,1;3,13;19;54;8,38;0,092;0,159;5,5;16,25;34,5;2,535;5;1,5;23,378;10,525;0,782;4,75;2,095;13,5;5,5
"80";"Slovakia";"Róbert Mak";16;56;70;3;10,47;7;2;72,5;18,94;6,71;18;25;-3,3;0,036;0,229;5,333;18,667;23,333;3,49;2,333;0,667;24,167;6,313;2,237;6;-1,1;8,333;5,333
"93";"Sweden";"Ludwig Augustinsson";12;108;274;4;13,46;20;4;68,66;23,34;4,92;27;52;3,15;0,037;0,044;3;27;68,5;3,365;5;1;17,165;5,835;1,23;6,75;0,787;13;3
"107";"Sweden";"Marcus Berg";2;40;50;4;4,76;7;0;72,55;28,94;5,42;11;3;-4,83;0;0,04;0,5;10;12,5;1,19;1,75;0;18,137;7,235;1,355;2,75;-1,208;0,75;0,5
"1111";"Sweden";"Robin Olsen";6;61;236;4;37,77;9;1;49,86;32,73;5,22;6;14;37,77;0,016;0,025;1,5;15,25;59;9,443;2,25;0,25;12,465;8,182;1,305;1,5;9,443;3,5;1,5
"1291";"Sweden";"Mikael Lustig";22;142;355;4;13,24;18;1;61,74;58,12;6,92;33;36;0,49;0,007;0,062;5,5;35,5;88,75;3,31;4,5;0,25;15,435;14,53;1,73;8,25;0,122;9;5,5
"161";"Sweden";"Sebastian Larsson";33;120;233;4;8,72;16;4;69,9;55,63;6,71;29;27;-1,29;0,033;0,142;8,25;30;58,25;2,18;4;1;17,475;13,908;1,678;7,25;-0,322;6,75;8,25
"685";"Slovakia";"Lukáš Haraslín";0;28;18;3;4,42;5;0;68,62;59,32;5,9;7;3;-2,22;0;0;0;9,333;6;1,473;1,667;0;22,873;19,773;1,967;2,333;-0,74;1;0
"708";"Sweden";"Viktor Claesson";0;18;31;4;20,6;1;0;67,3;37,55;6;2;0;-5,8;0;0;0;4,5;7,75;5,15;0,25;0;16,825;9,387;1,5;0,5;-1,45;0;0
"763";"Slovakia";"Vladimír Weiss";3;20;43;2;9,86;8;0;74,45;42,04;6,45;8;11;6,25;0;0,07;1,5;10;21,5;4,93;4;0;37,225;21,02;3,225;4;3,125;5,5;1,5
"764";"Slovakia";"László Bénes";0;13;20;2;10,3;8;0;72,88;42,06;6,17;10;10;2,51;0;0;0;6,5;10;5,15;4;0;36,44;21,03;3,085;5;1,255;5;0
"775";"Sweden";"Robin Quaison";2;13;13;4;8,25;2;0;84,2;42,35;3;3;4;1,07;0;0,154;0,5;3,25;3,25;2,062;0,5;0;21,05;10,588;0,75;0,75;0,268;1;0,5
"814";"Slovakia";"Dávid Hancko";5;10;31;1;17,98;8;1;65,9;16,92;5,7;8;18;13,52;0,1;0,161;5;10;31;17,98;8;1;65,9;16,92;5,7;8;13,52;18;5
"833";"Slovakia";"Michal Ďuriš";0;9;4;3;5,5;1;0;98,7;63,9;5;1;3;5,5;0;0;0;3;1,333;1,833;0,333;0;32,9;21,3;1,667;0,333;1,833;1;0
"837";"Sweden";"Pierre Bengtsson";4;15;47;3;11;2;0;96,6;35,8;3,5;1;3;11;0;0,085;1,333;5;15,667;3,667;0,667;0;32,2;11,933;1,167;0,333;3,667;1;1,333
"871";"Sweden";"Emil Krafth";0;22;49;4;43,9;1;0;63,8;46,8;0;0;0;43,9;0;0;0;5,5;12,25;10,975;0,25;0;15,95;11,7;0;0;10,975;0;0
"43";"Italy";"Alessandro Bastoni";7;76;98;1;10,87;43;2;59,74;27,79;5,42;72;71;3,32;0,026;0,071;7;76;98;10,87;43;2;59,74;27,79;5,42;72;3,32;71;7
"63";"Wales";"Connor Roberts";23;109;194;4;29,36;16;4;65,76;60,75;4,13;24;43;10,37;0,037;0,119;5,75;27,25;48,5;7,34;4;1;16,44;15,188;1,032;6;2,592;10,75;5,75
"73";"Wales";"Gareth Frank Bale";40;94;212;4;15,66;9;2;80,45;33,11;4,31;9;24;7,95;0,021;0,189;10;23,5;53;3,915;2,25;0,5;20,113;8,278;1,077;2,25;1,988;6;10
"123";"Wales";"Danny Ward";25;66;227;4;50,24;28;4;60,74;57,83;0,46;13;55;50,24;0,061;0,11;6,25;16,5;56,75;12,56;7;1;15,185;14,457;0,115;3,25;12,56;13,75;6,25
"311";"Wales";"Ethan Ampadu";6;30;53;2;9,91;19;3;55,97;39,83;4,35;23;32;4,89;0,1;0,113;3;15;26,5;4,955;9,5;1,5;27,985;19,915;2,175;11,5;2,445;16;3
"321";"Wales";"Joseff Morrell";20;110;191;4;11,06;13;1;52,3;61,17;4,32;18;19;2,84;0,009;0,105;5;27,5;47,75;2,765;3,25;0,25;13,075;15,293;1,08;4,5;0,71;4,75;5
"331";"Wales";"Joe Rodon";17;110;128;4;12,71;10;0;41,15;46,17;4,41;19;4;1,65;0;0,133;4,25;27,5;32;3,178;2,5;0;10,287;11,543;1,102;4,75;0,412;1;4,25
"371";"Wales";"Neco Williams";4;71;141;2;17,58;12;0;64,31;13,98;4,38;18;20;2,03;0;0,028;2;35,5;70,5;8,79;6;0;32,155;6,99;2,19;9;1,015;10;2
"451";"Wales";"Joe Allen";26;116;153;4;6,59;8;2;62,95;38,86;4,94;16;17;-1,03;0,017;0,17;6,5;29;38,25;1,648;2;0,5;15,738;9,715;1,235;4;-0,258;4,25;6,5
"58";"Wales";"Chris Gunter";0;27;36;1;15,75;17;0;37,37;22,48;3,48;23;16;5,8;0;0;0;27;36;15,75;17;0;37,37;22,48;3,48;23;5,8;16;0
"91";"Wales";"Aaron Ramsey";33;136;245;4;16,18;12;5;70,13;45,17;4,05;14;33;5,85;0,037;0,135;8,25;34;61,25;4,045;3;1,25;17,532;11,293;1,012;3,5;1,462;8,25;8,25
"105";"Wales";"Daniel James";11;54;68;4;26,65;2;1;83,27;38,66;5,14;5;10;-1,43;0,019;0,162;2,75;13,5;17;6,662;0,5;0,25;20,817;9,665;1,285;1,25;-0,358;2,5;2,75
"426";"Italy";"Francesco Acerbi";13;156;224;3;10,11;41;0;62,11;51,64;4,91;52;53;6,71;0;0,058;4,333;52;74,667;3,37;13,667;0;20,703;17,213;1,637;17,333;2,237;17,667;4,333
"605";"Wales";"Kieffer Roberto Francisco Moore";2;53;55;4;3,3;1;1;75,05;61;5,5;2;2;-2,25;0,019;0,036;0,5;13,25;13,75;0,825;0,25;0,25;18,762;15,25;1,375;0,5;-0,562;0,5;0,5
"650";"Italy";"Bryan Cristante";7;71;129;6;11,02;16;1;64,83;38,09;4,24;17;33;10,21;0,014;0,054;1,167;11,833;21,5;1,837;2,667;0,167;10,805;6,348;0,707;2,833;1,702;5,5;1,167
"662";"Italy";"Giacomo Raspadori";0;5;0;1;0;0;0;68,78;15,12;7,4;3;0;-9,98;0;0;0;5;0;0;0;0;68,78;15,12;7,4;3;-9,98;0;0
"668";"Wales";"Harry Wilson";2;14;15;3;0;0;0;64,8;31;6;1;0;-5,8;0;0,133;0,667;4,667;5;0;0;0;21,6;10,333;2;0,333;-1,933;0;0,667
"745";"Italy";"Salvatore Sirigu";0;1;0;1;14,8;1;0;31,6;54,1;0;1;0;14,8;0;0;0;1;0;14,8;1;0;31,6;54,1;0;1;14,8;0;0
"756";"Italy";"Gaetano Castrovilli";0;3;0;1;0;0;0;74,53;60,3;8,33;3;0;-9,97;0;0;0;3;0;0;0;0;74,53;60,3;8,33;3;-9,97;0;0
"110";"Germany";"Serge Gnabry";4;74;92;4;9,88;10;0;75,34;45,36;5,14;19;2;-1,28;0;0,043;1;18,5;23;2,47;2,5;0;18,835;11,34;1,285;4,75;-0,32;0,5;1
"28";"Germany";"Toni Kroos";127;360;905;4;11,51;49;7;69,69;35,48;5,84;75;133;4,59;0,019;0,14;31,75;90;226,25;2,878;12,25;1,75;17,422;8,87;1,46;18,75;1,148;33,25;31,75
"38";"Germany";"Mats Hummels";80;284;423;4;10,44;27;1;55,62;50,61;5,48;32;30;7,02;0,004;0,189;20;71;105,75;2,61;6,75;0,25;13,905;12,652;1,37;8;1,755;7,5;20
"46";"Germany";"Matthias Ginter";38;261;434;4;14,38;38;6;57,95;55,55;5,15;52;73;5,03;0,023;0,088;9,5;65,25;108,5;3,595;9,5;1,5;14,488;13,887;1,288;13;1,258;18,25;9,5
"52";"Germany";"İlkay Gündoğan";40;172;218;3;11,2;30;9;65,12;42,44;6,44;58;83;2,14;0,052;0,183;13,333;57,333;72,667;3,733;10;3;21,707;14,147;2,147;19,333;0,713;27,667;13,333
"74";"Germany";"Antonio Rüdiger";30;269;404;4;12,62;38;5;55,62;24,33;5,98;52;77;5,44;0,019;0,074;7,5;67,25;101;3,155;9,5;1,25;13,905;6,082;1,495;13;1,36;19,25;7,5
"131";"Germany";"Robin Gosens";28;164;194;4;7,82;12;2;77,5;16,17;5,03;22;8;-2,76;0,012;0,144;7;41;48,5;1,955;3;0,5;19,375;4,043;1,258;5,5;-0,69;2;7
"142";"Germany";"Kai Havertz";17;107;151;4;6,48;10;0;82,19;53,36;4,38;12;17;1,06;0;0,113;4,25;26,75;37,75;1,62;2,5;0;20,548;13,34;1,095;3;0,265;4,25;4,25
"181";"Portugal";"Cristiano Ronaldo dos Santos Aveiro";22;113;166;4;11,56;11;0;74,3;42,2;4,26;18;14;1,24;0;0,133;5,5;28,25;41,5;2,89;2,75;0;18,575;10,55;1,065;4,5;0,31;3,5;5,5
"192";"Portugal";"Diogo José Teixeira da Silva";12;96;102;4;8,28;5;1;70,51;32,72;4,69;12;9;-2,75;0,01;0,118;3;24;25,5;2,07;1,25;0,25;17,628;8,18;1,173;3;-0,688;2,25;3
"201";"Portugal";"Kléper Laveran Lima Ferreira";19;230;304;4;16,05;19;4;57,76;48,33;5,12;27;33;5,16;0,017;0,062;4,75;57,5;76;4,013;4,75;1;14,44;12,082;1,28;6,75;1,29;8,25;4,75
"211";"Germany";"Manuel Neuer";15;111;181;4;19,8;24;1;32,21;43,7;3,21;22;32;19,8;0,009;0,083;3,75;27,75;45,25;4,95;6;0,25;8,052;10,925;0,802;5,5;4,95;8;3,75
"39";"Portugal";"Raphaël Adelino José Guerreiro";41;207;318;4;17,43;23;4;62,77;19,03;4,26;37;61;5,2;0,019;0,129;10,25;51,75;79,5;4,358;5,75;1;15,693;4,758;1,065;9,25;1,3;15,25;10,25
"54";"Germany";"Thomas Müller";27;140;200;4;11,96;23;5;78,97;42,34;4,98;39;42;0,54;0,036;0,135;6,75;35;50;2,99;5,75;1,25;19,742;10,585;1,245;9,75;0,135;10,5;6,75
"631";"Portugal";"Rúben Santos Gato Alves Dias";49;265;453;4;15,52;37;4;51,63;33,45;4,61;38;50;11,68;0,015;0,108;12,25;66,25;113,25;3,88;9,25;1;12,908;8,363;1,153;9,5;2,92;12,5;12,25
"64";"Portugal";"William Silva de Carvalho";18;78;107;2;10,02;11;2;48,56;36,12;4,84;23;20;-0,84;0,026;0,168;9;39;53,5;5,01;5,5;1;24,28;18,06;2,42;11,5;-0,42;10;9
"70";"Germany";"Joshua Kimmich";63;230;334;4;9,49;24;5;76,8;56,94;4,88;45;63;-0,59;0,022;0,189;15,75;57,5;83,5;2,372;6;1,25;19,2;14,235;1,22;11,25;-0,148;15,75;15,75
"77";"Portugal";"Rui Pedro dos Santos Patrício";2;57;108;4;31,89;14;0;41,1;25,81;1,79;7;5;31,89;0;0,019;0,5;14,25;27;7,972;3,5;0;10,275;6,452;0,448;1,75;7,972;1,25;0,5
"81";"Portugal";"Danilo Luís Hélio Pereira";37;116;163;4;10,67;17;6;55,15;43,84;6,25;26;36;3,21;0,052;0,227;9,25;29;40,75;2,668;4,25;1,5;13,787;10,96;1,562;6,5;0,802;9;9,25
"87";"Portugal";"Nélson Cabral Semedo";22;124;201;3;16,86;17;3;70,15;64,63;4,75;29;42;2,71;0,024;0,109;7,333;41,333;67;5,62;5,667;1;23,383;21,543;1,583;9,667;0,903;14;7,333
"108";"Portugal";"Bruno Miguel Borges Fernandes";28;91;255;4;13,81;18;1;70,13;58,61;4,04;22;29;5,36;0,011;0,11;7;22,75;63,75;3,453;4,5;0,25;17,532;14,652;1,01;5,5;1,34;7,25;7
"118";"Portugal";"Bernardo Mota Veiga de Carvalho e Silva";15;86;122;4;18,18;8;1;67,22;61,11;3,47;13;17;5,55;0,012;0,123;3,75;21,5;30,5;4,545;2;0,25;16,805;15,278;0,868;3,25;1,388;4,25;3,75
"442";"Portugal";"Renato Júnior Luz Sanches";44;175;243;4;9,13;14;2;71,78;36,24;5,13;27;39;0,97;0,011;0,181;11;43,75;60,75;2,283;3,5;0,5;17,945;9,06;1,282;6,75;0,242;9,75;11
"618";"Portugal";"Rafael Alexandre Fernandes Ferreira da Silva";13;32;52;2;8,22;6;1;74,93;56,7;3,64;9;15;1,11;0,031;0,25;6,5;16;26;4,11;3;0,5;37,465;28,35;1,82;4,5;0,555;7,5;6,5
"621";"Germany";"Marcel Halstenberg";2;9;16;1;16,65;4;1;57,74;22,49;3,78;7;5;1,21;0,111;0,125;2;9;16;16,65;4;1;57,74;22,49;3,78;7;1,21;5;2
"629";"Portugal";"João Filipe Iria Santos Moutinho";29;101;182;4;13,23;8;0;77,91;51,78;6,18;14;25;1,71;0;0,159;7,25;25,25;45,5;3,308;2;0;19,477;12,945;1,545;3,5;0,428;6,25;7,25
"636";"Germany";"Emre Can";12;43;68;3;12,47;8;2;58,83;45,25;6,83;22;17;0,45;0,047;0,176;4;14,333;22,667;4,157;2,667;0,667;19,61;15,083;2,277;7,333;0,15;5,667;4
"676";"Germany";"Leon Goretzka";17;67;107;3;6,98;8;0;70,3;44,73;5;11;12;2,82;0;0,159;5,667;22,333;35,667;2,327;2,667;0;23,433;14,91;1,667;3,667;0,94;4;5,667
"683";"Germany";"Niklas Süle";0;7;12;1;10,68;6;0;43,06;42,13;6,29;7;12;5,13;0;0;0;7;12;10,68;6;0;43,06;42,13;6,29;7;5,13;12;0
"827";"Portugal";"André Miguel Valente Silva";0;12;8;3;0;0;0;73,63;55,23;7;3;0;-9,13;0;0;0;4;2,667;0;0;0;24,543;18,41;2,333;1;-3,043;0;0
"851";"Germany";"Leroy Sané";0;54;50;4;1,4;1;0;81,04;70,66;6,2;5;1;-4,42;0;0;0;13,5;12,5;0,35;0,25;0;20,26;17,665;1,55;1,25;-1,105;0,25;0
"112";"France";"Paul Pogba";59;262;473;4;14,09;45;8;65,12;37,93;6,07;84;124;4,19;0,031;0,125;14,75;65,5;118,25;3,522;11,25;2;16,28;9,482;1,518;21;1,048;31;14,75
"29";"France";"Lucas Hernández Pi";2;67;97;2;11,07;11;0;54,15;14,34;5,5;27;30;-0,09;0;0,021;1;33,5;48,5;5,535;5,5;0;27,075;7,17;2,75;13,5;-0,045;15;1
"310";"France";"Presnel Kimpembe";36;255;308;4;8,22;51;5;49,52;32,03;6,12;63;49;5,5;0,02;0,117;9;63,75;77;2,055;12,75;1,25;12,38;8,008;1,53;15,75;1,375;12,25;9
"75";"France";"Kylian Mbappé Lottin";20;94;116;4;8,38;5;1;74,89;18,64;5,25;11;8;-2,68;0,011;0,172;5;23,5;29;2,095;1,25;0,25;18,722;4,66;1,312;2,75;-0,67;2;5
"102";"France";"Raphaël Varane";40;243;404;4;12,59;58;6;56,73;55,63;5,46;70;106;8,69;0,025;0,099;10;60,75;101;3,148;14,5;1,5;14,182;13,908;1,365;17,5;2,172;26,5;10
"113";"France";"Corentin Tolisso";11;57;60;2;8,32;13;1;60,93;50,75;7,16;36;27;-1,99;0,018;0,183;5,5;28,5;30;4,16;6,5;0,5;30,465;25,375;3,58;18;-0,995;13,5;5,5
"301";"France";"Jules Koundé";0;34;63;1;14,98;19;0;67,96;65,41;4,65;27;38;4,51;0;0;0;34;63;14,98;19;0;67,96;65,41;4,65;27;4,51;38;0
"332";"France";"N''Golo Kanté";73;230;303;4;8,5;28;3;54,62;35,53;5,56;53;41;1,06;0,013;0,241;18,25;57,5;75,75;2,125;7;0,75;13,655;8,883;1,39;13,25;0,265;10,25;18,25
"85";"France";"Karim Benzema";25;122;147;4;9,85;12;2;66,56;40,27;5,94;33;29;-2,37;0,016;0,17;6,25;30,5;36,75;2,462;3;0,5;16,64;10,068;1,485;8,25;-0,593;7,25;6,25
"92";"France";"Hugo Lloris";9;58;136;4;18,4;10;0;28,37;52,71;3,2;9;4;18,4;0;0,066;2,25;14,5;34;4,6;2,5;0;7,093;13,178;0,8;2,25;4,6;1;2,25
"114";"France";"Antoine Griezmann";54;171;363;4;11,3;16;6;69,89;36,03;5,58;30;46;3,35;0,035;0,149;13,5;42,75;90,75;2,825;4;1,5;17,472;9,008;1,395;7,5;0,838;11,5;13,5
"547";"France";"Lucas Digne";12;53;65;2;0;0;0;56,3;27,1;9;1;0;-7,5;0;0,185;6;26,5;32,5;0;0;0;28,15;13,55;4,5;0,5;-3,75;0;6
"569";"France";"Adrien Rabiot";34;167;240;4;3,99;8;0;62,81;22,16;5,94;17;14;-4,12;0;0,142;8,5;41,75;60;0,998;2;0;15,703;5,54;1,485;4,25;-1,03;3,5;8,5
"577";"Portugal";"João Maria Lobo Alves Palhinha Gonçalves";12;52;99;2;17,65;11;4;68,37;31,73;4,75;18;30;6,76;0,077;0,121;6;26;49,5;8,825;5,5;2;34,185;15,865;2,375;9;3,38;15;6
"696";"France";"Kingsley Coman";6;37;23;2;3,8;7;1;83,74;59,42;4,67;11;10;-0,62;0,027;0,261;3;18,5;11,5;1,9;3,5;0,5;41,87;29,71;2,335;5,5;-0,31;5;3
"769";"Portugal";"Rúben Diogo Da Silva Neves";0;7;0;1;0,2;1;0;47,11;43,23;6,86;7;0;-11,57;0;0;0;7;0;0,2;1;0;47,11;43,23;6,86;7;-11,57;0;0
"815";"Portugal";"José Diogo Dalot Teixeira";5;64;76;2;26,75;2;0;52,08;61,08;3,2;4;1;7,24;0;0,066;2,5;32;38;13,375;1;0;26,04;30,54;1,6;2;3,62;0,5;2,5
"866";"Portugal";"Sérgio Miguel Relvas de Oliveira";2;23;75;2;79,3;1;0;75,55;23,15;3;1;0;29,8;0;0,027;1;11,5;37,5;39,65;0,5;0;37,775;11,575;1,5;0,5;14,9;0;1
"891";"France";"Moussa Sissoko";0;14;13;2;0;0;0;64,85;73,55;8;2;0;-10,5;0;0;0;7;6,5;0;0;0;32,425;36,775;4;1;-5,25;0;0
"210";"Wales";"Chris Mepham";9;84;147;3;24,12;13;1;54,2;57,26;2,41;14;29;16,11;0,012;0,061;3;28;49;8,04;4,333;0,333;18,067;19,087;0,803;4,667;5,37;9,667;3
"312";"Turkey";"Mehmet Zeki Çelik";27;133;247;3;12,94;36;5;64,9;57,96;4,3;41;53;4,52;0,038;0,109;9;44,333;82,333;4,313;12;1,667;21,633;19,32;1,433;13,667;1,507;17,667;9
"49";"Turkey";"Hakan Çalhanoğlu";31;140;242;3;13,03;43;8;75,33;37,6;3,7;45;85;6,64;0,057;0,128;10,333;46,667;80,667;4,343;14,333;2,667;25,11;12,533;1,233;15;2,213;28,333;10,333
"53";"Turkey";"Okay Yokuşlu";5;66;87;3;8,52;25;1;56,57;44,81;3,83;25;27;6,9;0,015;0,057;1,667;22;29;2,84;8,333;0,333;18,857;14,937;1,277;8,333;2,3;9;1,667
"65";"Turkey";"Cengiz Ünder";11;64;80;3;8,43;10;1;77,78;51;5,45;24;18;-2,48;0,016;0,138;3,667;21,333;26,667;2,81;3,333;0,333;25,927;17;1,817;8;-0,827;6;3,667
"8";"Wales";"Ben Davies";20;102;234;3;18,3;26;2;64,41;19,04;3,22;25;48;8,2;0,02;0,085;6,667;34;78;6,1;8,667;0,667;21,47;6,347;1,073;8,333;2,733;16;6,667
"171";"Turkey";"Kaan Ayhan";35;115;175;3;13,8;44;5;57,54;39,76;3,14;55;101;8,66;0,043;0,2;11,667;38,333;58,333;4,6;14,667;1,667;19,18;13,253;1,047;18,333;2,887;33,667;11,667
"182";"Turkey";"Cengiz Umut Meraş";4;59;83;2;11,42;17;1;62,52;15,81;4,27;28;34;1,8;0,017;0,048;2;29,5;41,5;5,71;8,5;0,5;31,26;7,905;2,135;14;0,9;17;2
"313";"Turkey";"Burak Yılmaz";5;50;52;3;7,27;9;2;82,05;32,67;4,12;18;14;-0,27;0,04;0,096;1,667;16,667;17,333;2,423;3;0,667;27,35;10,89;1,373;6;-0,09;4,667;1,667
"641";"Turkey";"Caglar Söyüncü";35;163;284;3;15,94;40;4;54,25;31,51;2,98;56;79;9,41;0,025;0,123;11,667;54,333;94,667;5,313;13,333;1,333;18,083;10,503;0,993;18,667;3,137;26,333;11,667
"701";"Turkey";"Uğurcan Çakır";11;57;130;3;18,59;17;0;28,99;33,2;1,39;15;12;17,51;0;0,085;3,667;19;43,333;6,197;5,667;0;9,663;11,067;0,463;5;5,837;4;3,667
"78";"Turkey";"Ozan Tufan";37;74;107;3;19,47;10;3;73,74;46,32;4,41;14;31;7,41;0,041;0,346;12,333;24,667;35,667;6,49;3,333;1;24,58;15,44;1,47;4,667;2,47;10,333;12,333
"143";"Turkey";"Kenan Karaman";2;36;69;3;13,37;6;0;84,94;27,29;2,93;9;10;3,2;0;0,029;0,667;12;23;4,457;2;0;28,313;9,097;0,977;3;1,067;3,333;0,667
"429";"Turkey";"Merih Demiral";13;128;130;3;8,75;24;0;54,92;48,72;4,24;31;25;5,04;0;0,1;4,333;42,667;43,333;2,917;8;0;18,307;16,24;1,413;10,333;1,68;8,333;4,333
"431";"Turkey";"Yusuf Yazıcı";22;55;71;3;10,17;17;5;75,56;50,19;4,62;25;47;2,07;0,091;0,31;7,333;18,333;23,667;3,39;5,667;1,667;25,187;16,73;1,54;8,333;0,69;15,667;7,333
"619";"Turkey";"Mert Müldür";2;52;80;2;12,25;6;1;77,02;16,4;5,18;10;14;2,17;0,019;0,025;1;26;40;6,125;3;0,5;38,51;8,2;2,59;5;1,085;7;1
"6311";"Turkey";"İbrahim Halil Dervişoğlu";0;6;17;2;18,42;4;0;98,44;40,94;3;3;9;14,52;0;0;0;3;8,5;9,21;2;0;49,22;20,47;1,5;1,5;7,26;4,5;0
"691";"Turkey";"İrfan Can Kahveci";3;62;100;3;12,25;4;0;77,46;46;4,75;7;6;2,67;0;0,03;1;20,667;33,333;4,083;1,333;0;25,82;15,333;1,583;2,333;0,89;2;1
"115";"Switzerland";"Manuel Obafemi Akanji";96;260;497;5;15,37;40;9;48,17;29,48;3,61;50;88;7,47;0,035;0,193;19,2;52;99,4;3,074;8;1,8;9,634;5,896;0,722;10;1,494;17,6;19,2
"212";"Switzerland";"Xherdan Shaqiri";22;144;287;5;12,57;17;0;73,33;46,68;4,75;26;41;1,45;0;0,077;4,4;28,8;57,4;2,514;3,4;0;14,666;9,336;0,95;5,2;0,29;8,2;4,4
"314";"Switzerland";"Kevin Mbabu";17;81;154;4;16,66;16;2;74,03;62,12;2,67;12;30;10,6;0,025;0,11;4,25;20,25;38,5;4,165;4;0,5;18,508;15,53;0,667;3;2,65;7,5;4,25
"410";"Switzerland";"Remo Freuler";62;232;374;5;11,15;17;4;59,06;46,85;5,7;41;31;-0,28;0,017;0,166;12,4;46,4;74,8;2,23;3,4;0,8;11,812;9,37;1,14;8,2;-0,056;6,2;12,4
"56";"Switzerland";"Granit Xhaka";118;294;569;4;13,16;52;11;57,4;36,52;4,39;78;109;4,17;0,037;0,207;29,5;73,5;142,25;3,29;13;2,75;14,35;9,13;1,097;19,5;1,042;27,25;29,5
"66";"Switzerland";"Fabian Lukas Schär";24;119;172;4;19,22;21;4;48,91;45,48;3,48;28;37;11,41;0,034;0,14;6;29,75;43;4,805;5,25;1;12,227;11,37;0,87;7;2,852;9,25;6
"79";"Switzerland";"Nico Elvedi";35;222;363;5;12,9;39;1;57,51;61,73;4,23;51;68;5,27;0,005;0,096;7;44,4;72,6;2,58;7,8;0,2;11,502;12,346;0,846;10,2;1,054;13,6;7
"116";"Switzerland";"Haris Seferović";12;81;83;5;6,86;5;0;75,1;13,04;3,78;8;9;1,82;0;0,145;2,4;16,2;16,6;1,372;1;0;15,02;2,608;0,756;1,6;0,364;1,8;2,4
"151";"Switzerland";"Ricardo Iván Rodríguez Araya";58;217;495;5;10,76;29;5;59,54;21,65;4,47;47;55;0,99;0,023;0,117;11,6;43,4;99;2,152;5,8;1;11,908;4,33;0,894;9,4;0,198;11;11,6
"221";"Switzerland";"Breel-Donald Embolo";23;101;113;5;11,18;13;2;77,68;40,42;4,4;19;16;2,54;0,02;0,204;4,6;20,2;22,6;2,236;2,6;0,4;15,536;8,084;0,88;3,8;0,508;3,2;4,6
"421";"Switzerland";"Yann Sommer";21;92;232;5;17,31;16;2;30,47;33,2;2,25;15;21;17,31;0,022;0,091;4,2;18,4;46,4;3,462;3,2;0,4;6,094;6,64;0,45;3;3,462;4,2;4,2
"125";"Italy";"Leonardo Spinazzola";22;174;204;4;14,92;16;0;66,64;17,73;4,45;26;32;2,55;0;0,108;5,5;43,5;51;3,73;4;0;16,66;4,432;1,112;6,5;0,637;8;5,5
"536";"Switzerland";"Mario Gavranović";2;30;40;5;4,8;6;0;75,74;32,84;5,7;7;9;-0,96;0;0,05;0,4;6;8;0,96;1,2;0;15,148;6,568;1,14;1,4;-0,192;1,8;0,4
"656";"Switzerland";"Steven Zuber";15;104;108;4;11,08;5;0;83,89;23,16;5,11;6;1;2,51;0;0,139;3,75;26;27;2,77;1,25;0;20,972;5,79;1,278;1,5;0,627;0,25;3,75
"694";"Switzerland";"Silvan Widmer";17;133;242;4;9,41;10;1;64,39;70,67;5,26;27;14;-3,23;0,008;0,07;4,25;33,25;60,5;2,352;2,5;0,25;16,098;17,668;1,315;6,75;-0,807;3,5;4,25
"8391";"Switzerland";"Ruben Vargas";12;49;82;4;9,72;5;0;73,22;70,07;4,85;12;8;-1,32;0;0,146;3;12,25;20,5;2,43;1,25;0;18,305;17,517;1,212;3;-0,33;2;3
"908";"Switzerland";"Djibril Sow";6;11;21;2;7,35;4;1;79,98;41,28;4,5;4;7;2,4;0,091;0,286;3;5,5;10,5;3,675;2;0,5;39,99;20,64;2,25;2;1,2;3,5;3
"117";"Poland";"Piotr Zieliński";46;124;267;3;12,27;14;1;66,22;56,25;5,15;17;14;2,8;0,008;0,172;15,333;41,333;89;4,09;4,667;0,333;22,073;18,75;1,717;5,667;0,933;4,667;15,333
"213";"Poland";"Jakub Moder";16;18;70;2;25,93;10;5;74,17;46,23;3,2;9;33;13,36;0,278;0,229;8;9;35;12,965;5;2,5;37,085;23,115;1,6;4,5;6,68;16,5;8
"315";"Poland";"Kamil Jóźwiak";27;109;236;3;9,09;17;2;76,51;68,32;4,12;19;38;2,16;0,018;0,114;9;36,333;78,667;3,03;5,667;0,667;25,503;22,773;1,373;6,333;0,72;12,667;9
"710";"Poland";"Kamil Glik";24;124;175;3;19,72;5;1;41,82;45,99;6,25;10;4;-0,75;0,008;0,137;8;41,333;58,333;6,573;1,667;0,333;13,94;15,33;2,083;3,333;-0,25;1,333;8
"82";"Poland";"Jan Bednarek";14;132;190;3;13,06;7;1;54,8;29,7;6;9;18;6,91;0,008;0,074;4,667;44;63,333;4,353;2,333;0,333;18,267;9,9;2;3;2,303;6;4,667
"94";"Poland";"Tymoteusz Puchacz";13;45;100;3;14,4;8;1;56,56;23,35;5,08;8;11;3,02;0,022;0,13;4,333;15;33,333;4,8;2,667;0,333;18,853;7,783;1,693;2,667;1,007;3,667;4,333
"103";"Poland";"Wojciech Szczęsny";11;37;135;3;55,64;20;5;69,09;57,62;0,2;8;40;55,64;0,135;0,081;3,667;12,333;45;18,547;6,667;1,667;23,03;19,207;0,067;2,667;18,547;13,333;3,667
"132";"Poland";"Robert Lewandowski";2;58;102;3;13,45;11;0;88,77;46,98;2,05;8;8;6,35;0;0,02;0,667;19,333;34;4,483;3,667;0;29,59;15,66;0,683;2,667;2,117;2,667;0,667
"183";"Poland";"Bartosz Bereszyński";42;163;411;3;19,53;25;6;61,89;62,35;3,83;18;45;14,05;0,037;0,102;14;54,333;137;6,51;8,333;2;20,63;20,783;1,277;6;4,683;15;14
"231";"Poland";"Karol Świderski";0;30;57;3;6,3;3;0;76,65;48,93;4,33;3;0;-0,62;0;0;0;10;19;2,1;1;0;25,55;16,31;1,443;1;-0,207;0;0
"581";"Poland";"Mateusz Andrzej Klich";22;98;225;3;19,69;9;3;57,35;60,35;4,65;12;19;4,72;0,031;0,098;7,333;32,667;75;6,563;3;1;19,117;20,117;1,55;4;1,573;6,333;7,333
"626";"Spain";"Fabián Ruiz Peña";13;55;114;3;15,31;13;1;84,73;61,83;4,37;17;53;8,21;0,018;0,114;4,333;18,333;38;5,103;4,333;0,333;28,243;20,61;1,457;5,667;2,737;17,667;4,333
"638";"Spain";"Pablo Sarabia García";24;134;206;5;7,16;5;0;87,46;66,47;5,25;11;6;-1,89;0;0,117;4,8;26,8;41,2;1,432;1;0;17,492;13,294;1,05;2,2;-0,378;1,2;4,8
"7081";"Poland";"Przemysław Frankowski";13;41;79;3;7,45;2;1;72,53;49,63;2,67;2;4;2,73;0,024;0,165;4,333;13,667;26,333;2,483;0,667;0,333;24,177;16,543;0,89;0,667;0,91;1,333;4,333
"799";"Poland";"Paweł Dawidowicz";3;2;10;1;19,1;2;1;37,95;9,55;1,5;1;3;19,1;0,5;0,3;3;2;10;19,1;2;1;37,95;9,55;1,5;1;19,1;3;3
"817";"Poland";"Kacper Kozłowski";0;14;28;2;7,25;2;0;69,65;32,3;2;1;4;7,25;0;0;0;7;14;3,625;1;0;34,825;16,15;1;0,5;3,625;2;0
"8271";"Poland";"Karol Linetty";9;31;69;2;7,7;2;0;56,5;16,35;3;0;0;7,7;0;0,13;4,5;15,5;34,5;3,85;1;0;28,25;8,175;1,5;0;3,85;0;4,5
"119";"Czech Republic";"Patrik Schick";15;91;103;5;7,43;7;2;77,3;54,22;4,06;11;19;-0,12;0,022;0,146;3;18,2;20,6;1,486;1,4;0,4;15,46;10,844;0,812;2,2;-0,024;3,8;3
"214";"Czech Republic";"Ondrej Celustka";19;150;245;5;14,27;24;1;51,75;50,49;3,5;31;36;6,23;0,007;0,078;3,8;30;49;2,854;4,8;0,2;10,35;10,098;0,7;6,2;1,246;7,2;3,8
"316";"Czech Republic";"Vladimír Coufal";78;248;684;5;15,2;43;7;73,62;60,74;3,29;42;97;9,01;0,028;0,114;15,6;49,6;136,8;3,04;8,6;1,4;14,724;12,148;0,658;8,4;1,802;19,4;15,6
"411";"Czech Republic";"Tomáš Vaclík";3;86;131;5;36,13;28;1;48,34;36,76;0,64;18;19;36,13;0,012;0,023;0,6;17,2;26,2;7,226;5,6;0,2;9,668;7,352;0,128;3,6;7,226;3,8;0,6
"59";"Czech Republic";"Tomáš Souček";41;198;347;5;11,17;32;3;62,82;43,64;3,68;45;48;3,02;0,015;0,118;8,2;39,6;69,4;2,234;6,4;0,6;12,564;8,728;0,736;9;0,604;9,6;8,2
"67";"Czech Republic";"Tomáš Kalas";25;169;253;5;14,64;31;2;49,49;27,81;3,27;38;25;7,47;0,012;0,099;5;33,8;50,6;2,928;6,2;0,4;9,898;5,562;0,654;7,6;1,494;5;5
"711";"Czech Republic";"Jan Bořil";32;147;292;4;7,53;19;2;64,99;21,38;4,56;27;26;-0,83;0,014;0,11;8;36,75;73;1,883;4,75;0,5;16,247;5,345;1,14;6,75;-0,208;6,5;8
"83";"Czech Republic";"Jakub Jankto";19;87;144;5;12,24;16;1;80,8;38,09;3,63;17;18;4,22;0,011;0,132;3,8;17,4;28,8;2,448;3,2;0,2;16,16;7,618;0,726;3,4;0,844;3,6;3,8
"1110";"Czech Republic";"Vladimír Darida";35;110;228;4;13,15;22;5;76,13;39,51;3,36;26;62;4,27;0,045;0,154;8,75;27,5;57;3,288;5,5;1,25;19,032;9,877;0,84;6,5;1,067;15,5;8,75
"124";"Croatia";"Dejan Lovren";14;103;147;2;15,87;31;3;42,29;43,67;3,62;40;38;5,92;0,029;0,095;7;51,5;73,5;7,935;15,5;1,5;21,145;21,835;1,81;20;2,96;19;7
"144";"Czech Republic";"Tomáš Holeš";21;97;179;5;11,19;16;2;70,87;50,07;3,76;19;36;6,39;0,021;0,117;4,2;19,4;35,8;2,238;3,2;0,4;14,174;10,014;0,752;3,8;1,278;7,2;4,2
"232";"Czech Republic";"Lukáš Masopust";17;99;111;5;8,71;8;1;71,52;60,67;4,2;16;12;-1,42;0,01;0,153;3,4;19,8;22,2;1,742;1,6;0,2;14,304;12,134;0,84;3,2;-0,284;2,4;3,4
"241";"Croatia";"Šime Vrsaljko";11;101;174;2;14,06;24;4;56,49;58,71;4,4;39;50;1,39;0,04;0,063;5,5;50,5;87;7,03;12;2;28,245;29,355;2,2;19,5;0,695;25;5,5
"261";"Croatia";"Luka Modrić";90;263;540;4;12,5;40;5;65,95;41,53;4,09;45;87;8,2;0,019;0,167;22,5;65,75;135;3,125;10;1,25;16,488;10,383;1,022;11,25;2,05;21,75;22,5
"273";"Croatia";"Josip Brekalo";4;38;38;3;10;4;1;70,62;37,43;5,62;11;6;-2,53;0,026;0,105;1,333;12,667;12,667;3,333;1,333;0,333;23,54;12,477;1,873;3,667;-0,843;2;1,333
"452";"Croatia";"Ivan Perišić";2;92;119;3;9,19;20;1;82,95;35,36;3,35;23;35;1,98;0,011;0,017;0,667;30,667;39,667;3,063;6,667;0,333;27,65;11,787;1,117;7,667;0,66;11,667;0,667
"481";"Croatia";"Dominik Livaković";11;86;201;4;24,15;28;1;36,52;40,01;1,21;23;30;24,15;0,012;0,055;2,75;21,5;50,25;6,037;7;0,25;9,13;10,002;0,302;5,75;6,037;7,5;2,75
"491";"Croatia";"Joško Gvardiol";31;175;303;4;16,21;23;3;70,03;19,37;3,93;32;57;4,83;0,017;0,102;7,75;43,75;75,75;4,053;5,75;0,75;17,508;4,843;0,983;8;1,208;14,25;7,75
"50";"Croatia";"Mateo Kovačić";46;194;294;4;13,31;33;5;61,45;32,56;3,78;41;76;7,13;0,026;0,156;11,5;48,5;73,5;3,328;8,25;1,25;15,363;8,14;0,945;10,25;1,782;19;11,5
"512";"Croatia";"Domagoj Vida";43;159;218;4;12,11;21;3;36,45;28,55;3,36;31;28;3,34;0,019;0,197;10,75;39,75;54,5;3,027;5,25;0,75;9,113;7,138;0,84;7,75;0,835;7;10,75
"561";"Croatia";"Ante Rebić";8;36;71;4;22,2;3;0;98,07;29,37;0,33;0;0;22,2;0;0,113;2;9;17,75;5,55;0,75;0;24,517;7,343;0,082;0;5,55;0;2
"172";"Croatia";"Andrej Kramarić";16;58;61;4;10,39;7;2;77,22;38,76;4,69;14;15;0,43;0,034;0,262;4;14,5;15,25;2,598;1,75;0,5;19,305;9,69;1,173;3,5;0,108;3,75;4
"370";"Croatia";"Bruno Petković";2;50;71;4;17,2;3;0;73,7;37,07;4,42;8;5;0,21;0;0,028;0,5;12,5;17,75;4,3;0,75;0;18,425;9,268;1,105;2;0,052;1,25;0,5
"372";"Croatia";"Luka Ivanušec";0;25;24;3;4,81;9;0;75,58;54,41;5,73;17;12;-3,37;0;0;0;8,333;8;1,603;3;0;25,193;18,137;1,91;5,667;-1,123;4;0
"525";"Czech Republic";"Alex Král";6;66;122;4;9,41;9;2;59,12;35,41;4,22;16;16;-2,41;0,03;0,049;1,5;16,5;30,5;2,352;2,25;0,5;14,78;8,852;1,055;4;-0,603;4;1,5
"535";"Czech Republic";"Adam Hložek";3;23;44;4;14,08;5;1;86,38;21,7;4,55;7;5;1,48;0,043;0,068;0,75;5,75;11;3,52;1,25;0,25;21,595;5,425;1,138;1,75;0,37;1,25;0,75
"555";"Croatia";"Nikola Vlašić";16;51;79;4;10,35;2;0;96,46;13,14;3,2;5;8;1,12;0;0,203;4;12,75;19,75;2,587;0,5;0;24,115;3,285;0,8;1,25;0,28;2;4
"615";"Czech Republic";"Petr Ševčík";14;95;120;5;11;5;0;70,29;48,9;4,73;9;8;1,78;0;0,117;2,8;19;24;2,2;1;0;14,058;9,78;0,946;1,8;0,356;1,6;2,8
"681";"Czech Republic";"Michael Krmenčík";7;12;14;3;4,75;2;0;87;66,67;1;1;0;2,93;0;0,5;2,333;4;4,667;1,583;0,667;0;29;22,223;0,333;0,333;0,977;0;2,333
"747";"Croatia";"Marcelo Brozović";62;205;302;4;15,95;4;1;49,9;37,38;2,6;4;5;7,26;0,005;0,205;15,5;51,25;75,5;3,987;1;0,25;12,475;9,345;0,65;1;1,815;1,25;15,5
"765";"Czech Republic";"Antonín Barák";17;76;164;3;0;0;0;63,65;33,95;5,5;2;0;-3,35;0;0,104;5,667;25,333;54,667;0;0;0;21,217;11,317;1,833;0,667;-1,117;0;5,667
"120";"Austria";"Christoph Baumgartner";11;81;92;4;6,5;7;0;83,12;37,81;4,61;11;4;-1,83;0;0,12;2,75;20,25;23;1,625;1,75;0;20,78;9,453;1,153;2,75;-0,458;1;2,75
"215";"Austria";"Sasa Kalajdzic";11;36;55;3;7,64;5;1;77,15;38,43;5,31;13;9;-1,65;0,028;0,2;3,667;12;18,333;2,547;1,667;0,333;25,717;12,81;1,77;4,333;-0,55;3;3,667
"317";"Austria";"David Olatukunbo Alaba";68;281;547;4;12,38;80;8;59,31;35,74;4,21;87;109;8,57;0,028;0,124;17;70,25;136,75;3,095;20;2;14,828;8,935;1,052;21,75;2,143;27,25;17
"412";"Austria";"Aleksandar Dragović";43;208;449;4;14,09;19;2;56,79;52,59;5,13;29;26;2,36;0,01;0,096;10,75;52;112,25;3,522;4,75;0,5;14,198;13,148;1,282;7,25;0,59;6,5;10,75
"712";"Austria";"Stefan Lainer";46;186;340;4;13,72;28;6;65,09;60,4;3,74;29;42;4,51;0,032;0,135;11,5;46,5;85;3,43;7;1,5;16,273;15,1;0,935;7,25;1,128;10,5;11,5
"95";"Austria";"Konrad Laimer";20;106;187;4;10,71;17;1;83,28;46,42;4,28;17;19;2,72;0,009;0,107;5;26,5;46,75;2,678;4,25;0,25;20,82;11,605;1,07;4,25;0,68;4,75;5
"1112";"North Macedonia";"Visar Musliu";4;97;88;3;8,64;18;0;50,85;27,75;4,36;18;10;4,78;0;0,045;1,333;32,333;29,333;2,88;6;0;16,95;9,25;1,453;6;1,593;3,333;1,333
"126";"North Macedonia";"Arijan Ademi";29;83;111;3;7,21;17;3;54,64;40,18;5,12;21;29;2,63;0,036;0,261;9,667;27,667;37;2,403;5,667;1;18,213;13,393;1,707;7;0,877;9,667;9,667
"133";"North Macedonia";"Ezgjan Alioski";36;127;321;3;16,03;40;6;69,75;19,51;3,9;34;63;9,76;0,047;0,112;12;42,333;107;5,343;13,333;2;23,25;6,503;1,3;11,333;3,253;21;12
"145";"North Macedonia";"Aleksandar Trajkovski";12;55;56;3;6,1;6;1;75,82;30,06;5,24;12;7;-1,71;0,018;0,214;4;18,333;18,667;2,033;2;0,333;25,273;10,02;1,747;4;-0,57;2,333;4
"152";"North Macedonia";"Darko Velkovski";34;105;212;3;13,75;19;3;46,34;42,09;3,31;22;34;6,87;0,029;0,16;11,333;35;70,667;4,583;6,333;1;15,447;14,03;1,103;7,333;2,29;11,333;11,333
"173";"North Macedonia";"Stole Dimitrievski";7;57;113;3;37,89;18;1;52,01;42,31;0,78;11;12;37,89;0,018;0,062;2,333;19;37,667;12,63;6;0,333;17,337;14,103;0,26;3,667;12,63;4;2,333
"184";"North Macedonia";"Stefan Ristovski";38;134;230;3;18,23;17;3;45,66;55,79;3,79;28;26;2,48;0,022;0,165;12,667;44,667;76,667;6,077;5,667;1;15,22;18,597;1,263;9,333;0,827;8,667;12,667
"202";"Austria";"Martin Hinteregger";70;237;436;4;15,81;38;4;62,02;27,36;4,41;57;80;4,56;0,017;0,161;17,5;59,25;109;3,953;9,5;1;15,505;6,84;1,102;14,25;1,14;20;17,5
"216";"Austria";"Xaver Schlager";43;149;283;4;13,11;34;8;73,69;31,35;4,67;45;89;6,5;0,054;0,152;10,75;37,25;70,75;3,277;8,5;2;18,422;7,838;1,168;11,25;1,625;22,25;10,75
"233";"Austria";"Marcel Sabitzer";59;220;374;4;14,69;38;11;77,91;28,26;4,44;56;121;5,38;0,05;0,158;14,75;55;93,5;3,672;9,5;2,75;19,477;7,065;1,11;14;1,345;30,25;14,75
"322";"North Macedonia";"Goran Pandev";2;50;61;3;7,37;12;0;67,86;32,99;3,25;14;13;1,93;0;0,033;0,667;16,667;20,333;2,457;4;0;22,62;10,997;1,083;4,667;0,643;4,333;0,667
"413";"North Macedonia";"Eljif Elmas";21;99;146;3;9,8;13;3;61,58;19,06;5;28;36;1,36;0,03;0,144;7;33;48,667;3,267;4,333;1;20,527;6,353;1,667;9,333;0,453;12;7
"471";"North Macedonia";"Boban Nikolov";12;30;41;3;19,95;4;1;62,57;69,77;4,71;6;8;3,9;0,033;0,293;4;10;13,667;6,65;1,333;0,333;20,857;23,257;1,57;2;1,3;2,667;4
"482";"Austria";"Andreas Ulmer";8;72;89;2;10,16;16;2;76,08;14,56;5,37;27;16;-1,49;0,028;0,09;4;36;44,5;5,08;8;1;38,04;7,28;2,685;13,5;-0,745;8;4
"582";"Austria";"Daniel Bachmann";9;102;181;4;34,03;27;1;46,24;42,41;0,75;19;30;32,71;0,01;0,05;2,25;25,5;45,25;8,508;6,75;0,25;11,56;10,602;0,188;4,75;8,178;7,5;2,25
"611";"North Macedonia";"Enis Bardhi";38;105;222;3;16,77;19;2;72,61;34,69;3,75;19;28;9,01;0,019;0,171;12,667;35;74;5,59;6,333;0,667;24,203;11,563;1,25;6,333;3,003;9,333;12,667
"4261";"Austria";"Philipp Lienhart";4;30;31;2;10,89;12;1;47,38;55,73;4,88;23;14;-0,01;0,033;0,129;2;15;15,5;5,445;6;0,5;23,69;27,865;2,44;11,5;-0,005;7;2
"515";"Austria";"Michael Gregoritsch";4;21;19;3;16,4;1;1;69,55;33,17;6,17;6;2;-4,23;0,048;0,211;1,333;7;6,333;5,467;0,333;0,333;23,183;11,057;2,057;2;-1,41;0,667;1,333
"519";"Austria";"Marko Arnautović";0;65;70;3;7,45;8;0;79,48;25,1;5,5;13;6;-1,66;0;0;0;21,667;23,333;2,483;2,667;0;26,493;8,367;1,833;4,333;-0,553;2;0
"578";"North Macedonia";"Tihomir Kostadinov";1;17;42;2;46;1;0;54,09;44,76;5,89;8;0;-4,64;0;0,024;0,5;8,5;21;23;0,5;0;27,045;22,38;2,945;4;-2,32;0;0,5
"586";"North Macedonia";"Egzon Bejtulai";0;9;15;1;13,97;8;0;66,26;50,08;2;5;2;12,11;0;0;0;9;15;13,97;8;0;66,26;50,08;2;5;12,11;2;0
"797";"Austria";"Julian Baumgartlinger";0;2;0;1;0,9;1;0;26,05;25,9;3,5;2;0;-5,25;0;0;0;2;0;0,9;1;0;26,05;25,9;3,5;2;-5,25;0;0
"185";"Italy";"Alessandro Florenzi";5;46;90;2;18,81;21;1;77,04;59,74;3,97;33;58;6,32;0,022;0,056;2,5;23;45;9,405;10,5;0,5;38,52;29,87;1,985;16,5;3,16;29;2,5
"464";"Czech Republic";"Jakub Brabec";0;13;14;1;13,6;10;0;52,05;59,78;4,69;12;9;7,95;0;0;0;13;14;13,6;10;0;52,05;59,78;4,69;12;7,95;9;0
"551";"Czech Republic";"Matěj Vydra";3;10;23;2;7,93;3;0;81,85;38;4,75;2;0;4,8;0;0,13;1,5;5;11,5;3,965;1,5;0;40,925;19;2,375;1;2,4;0;1,5
"580";"Denmark";"Joachim Andersen";4;36;75;3;14,43;3;1;64,27;59,83;3,33;3;10;14,43;0,028;0,053;1,333;12;25;4,81;1;0,333;21,423;19,943;1,11;1;4,81;3,333;1,333
"127";"Ukraine";"Serhii Sydorchuk";39;185;256;5;8,51;23;3;53,89;32,04;6,02;40;40;0,61;0,016;0,152;7,8;37;51,2;1,702;4,6;0,6;10,778;6,408;1,204;8;0,122;8;7,8
"217";"Ukraine";"Oleksandr Karavaev";33;246;328;5;5,72;18;2;55,51;64,71;6,18;40;22;-3,98;0,008;0,101;6,6;49,2;65,6;1,144;3,6;0,4;11,102;12,942;1,236;8;-0,796;4,4;6,6
"318";"Ukraine";"Illia Zabarnyi";53;291;432;5;8,1;42;2;47,11;48,54;5,97;57;45;4,29;0,007;0,123;10,6;58,2;86,4;1,62;8,4;0,4;9,422;9,708;1,194;11,4;0,858;9;10,6
"414";"England";"Declan Rice";43;302;408;7;12,25;25;4;60,46;34,11;5,08;33;48;5,34;0,013;0,105;6,143;43,143;58,286;1,75;3,571;0,571;8,637;4,873;0,726;4,714;0,763;6,857;6,143
"510";"Ukraine";"Mykola Shaparenko";40;202;296;5;8,98;29;3;58,61;56,58;6,38;54;68;-0,54;0,015;0,135;8;40,4;59,2;1,796;5,8;0,6;11,722;11,316;1,276;10,8;-0,108;13,6;8
"68";"England";"Luke Shaw";74;365;605;6;8;18;0;64,92;15,26;6,75;48;35;-4,95;0;0,122;12,333;60,833;100,833;1,333;3;0;10,82;2,543;1,125;8;-0,825;5,833;12,333
"84";"England";"Kyle Walker";31;365;563;6;10,6;38;3;65,23;63,27;6,35;73;92;-0,57;0,008;0,055;5,167;60,833;93,833;1,767;6,333;0,5;10,872;10,545;1,058;12,167;-0,095;15,333;5,167
"96";"England";"Jadon Sancho";5;44;41;3;7,72;14;2;74,44;61,27;6,05;36;23;-3,86;0,045;0,122;1,667;14,667;13,667;2,573;4,667;0,667;24,813;20,423;2,017;12;-1,287;7,667;1,667
"104";"England";"John Stones";49;444;500;7;9,5;67;2;51,83;43,79;6,05;88;73;5,13;0,005;0,098;7;63,429;71,429;1,357;9,571;0,286;7,404;6,256;0,864;12,571;0,733;10,429;7
"1113";"England";"Harry Maguire";73;344;611;5;14,77;60;5;61,39;27,44;5,18;83;143;8,89;0,015;0,119;14,6;68,8;122,2;2,954;12;1;12,278;5,488;1,036;16,6;1,778;28,6;14,6
"128";"England";"Raheem Sterling";30;191;182;7;8,15;6;0;81,22;14,44;6,33;15;7;-6,34;0;0,165;4,286;27,286;26;1,164;0,857;0;11,603;2,063;0,904;2,143;-0,906;1;4,286
"234";"England";"Kalvin Phillips";50;323;398;7;10,62;11;0;61,72;39,64;6,28;22;17;-0,76;0;0,126;7,143;46,143;56,857;1,517;1,571;0;8,817;5,663;0,897;3,143;-0,109;2,429;7,143
"401";"England";"Mason Mount";38;171;259;5;9,01;19;2;75,32;37,24;5,44;39;46;0,45;0,012;0,147;7,6;34,2;51,8;1,802;3,8;0,4;15,064;7,448;1,088;7,8;0,09;9,2;7,6
"492";"England";"Harry Kane";16;155;242;7;6,84;8;1;73,96;51,67;5,37;16;10;-1,19;0,006;0,066;2,286;22,143;34,571;0,977;1,143;0,143;10,566;7,381;0,767;2,286;-0,17;1,429;2,286
"521";"Ukraine";"Oleksandr Zinchenko";49;265;382;5;8,27;27;6;67,25;27,6;6,06;47;58;0,29;0,023;0,128;9,8;53;76,4;1,654;5,4;1,2;13,45;5,52;1,212;9,4;0,058;11,6;9,8
"622";"Ukraine";"Vitalii Mykolenko";30;167;208;4;10,24;19;5;56,97;16,62;6,35;56;43;-4,93;0,03;0,144;7,5;41,75;52;2,56;4,75;1,25;14,242;4,155;1,587;14;-1,232;10,75;7,5
"634";"Ukraine";"Mykola Matviyenko";79;367;681;5;12,96;80;9;55,03;26,29;5,15;103;203;7,73;0,025;0,116;15,8;73,4;136,2;2,592;16;1,8;11,006;5,258;1,03;20,6;1,546;40,6;15,8
"671";"Ukraine";"Sergey Krivtsov";2;97;41;2;8,09;14;1;40,51;33,47;5,7;19;13;3,99;0,01;0,049;1;48,5;20,5;4,045;7;0,5;20,255;16,735;2,85;9,5;1,995;6,5;1
"69";"Ukraine";"Roman Yaremchuk";19;102;125;5;9,35;11;4;81,08;34,55;5;21;30;0,28;0,039;0,152;3,8;20,4;25;1,87;2,2;0,8;16,216;6,91;1;4,2;0,056;6;3,8
"771";"Ukraine";"Andriy Yarmolenko";23;153;176;5;14,58;11;1;69,75;60,44;5,16;20;8;-0,31;0,007;0,131;4,6;30,6;35,2;2,916;2,2;0,2;13,95;12,088;1,032;4;-0,062;1,6;4,6
"1201";"Ukraine";"Heorhii Bushchan";10;80;163;5;31,76;12;1;42,94;49,86;2;8;9;31,76;0,013;0,061;2;16;32,6;6,352;2,4;0,2;8,588;9,972;0,4;1,6;6,352;1,8;2
"2141";"England";"Jordan Pickford";10;188;334;7;37,89;11;0;46,45;47,12;1,54;8;12;31,92;0;0,03;1,429;26,857;47,714;5,413;1,571;0;6,636;6,731;0,22;1,143;4,56;1,714;1,429
"434";"Ukraine";"Viktor Tsygankov";8;63;54;4;6,36;7;2;71,78;21,27;6,08;20;10;-3,07;0,032;0,148;2;15,75;13,5;1,59;1,75;0,5;17,945;5,318;1,52;5;-0,767;2,5;2
"7011";"England";"Jordan Brian Henderson";29;112;179;4;13,76;19;4;59,76;43,77;6,67;39;50;1,04;0,036;0,162;7,25;28;44,75;3,44;4,75;1;14,94;10,943;1,668;9,75;0,26;12,5;7,25
"770";"Ukraine";"Evgeny Makarenko";11;48;86;2;12,43;8;3;61,42;43,06;6,05;18;32;1,67;0,062;0,128;5,5;24;43;6,215;4;1,5;30,71;21,53;3,025;9;0,835;16;5,5
"783";"England";"Jude Bellingham";2;21;13;3;6,12;5;1;44,56;46,33;6;10;3;-4,34;0,048;0,154;0,667;7;4,333;2,04;1,667;0,333;14,853;15,443;2;3,333;-1,447;1;0,667
"793";"England";"Marcus Rashford";2;39;38;5;16,95;4;0;76,08;13,15;7,31;15;5;-2,91;0;0,053;0,4;7,8;7,6;3,39;0,8;0;15,216;2,63;1,462;3;-0,582;1;0,4
"795";"England";"Kieran Trippier";38;174;304;5;7,6;10;1;59,51;13,39;7;19;19;-0,31;0,006;0,125;7,6;34,8;60,8;1,52;2;0,2;11,902;2,678;1,4;3,8;-0,062;3,8;7,6
"1022";"England";"Dominic Calvert-Lewin";0;3;0;2;0;0;0;38,3;50,6;7,5;2;0;-12,2;0;0;0;1,5;0;0;0;0;19,15;25,3;3,75;1;-6,1;0;0
"831";"Switzerland";"Denis Lemi Zakaria Lako Lado";6;25;56;2;13,62;11;1;56,36;42,36;5,06;13;15;6,76;0,04;0,107;3;12,5;28;6,81;5,5;0,5;28,18;21,18;2,53;6,5;3,38;7,5;3
"823";"Switzerland";"Christian Fassnacht";4;16;45;2;13,66;7;1;75,9;36,87;1,29;1;3;13,66;0,062;0,089;2;8;22,5;6,83;3,5;0,5;37,95;18,435;0,645;0,5;6,83;1,5;2
"610";"Netherlands";"Matthijs de Ligt";12;119;132;3;12,68;49;2;50,11;37,93;6,57;58;53;7,46;0,017;0,091;4;39,667;44;4,227;16,333;0,667;16,703;12,643;2,19;19,333;2,487;17,667;4
"713";"Netherlands";"Frenkie de Jong";45;248;449;4;13,49;34;5;71,1;37,94;5,11;48;94;5,45;0,02;0,1;11,25;62;112,25;3,372;8,5;1,25;17,775;9,485;1,278;12;1,362;23,5;11,25
"86";"Netherlands";"Stefan de Vrij";36;166;239;4;13,96;14;3;59,09;50,08;5,95;21;31;5,94;0,018;0,151;9;41,5;59,75;3,49;3,5;0,75;14,773;12,52;1,488;5,25;1,485;7,75;9
"106";"Netherlands";"Daley Blind";99;288;699;4;15,64;83;15;60,14;29,35;5,64;92;223;11,07;0,052;0,142;24,75;72;174,75;3,91;20,75;3,75;15,035;7,338;1,41;23;2,768;55,75;24,75
"1210";"Netherlands";"Denzel Dumfries";19;103;212;4;13,48;5;0;73,67;62,12;5,6;12;7;-3,89;0;0,09;4,75;25,75;53;3,37;1,25;0;18,418;15,53;1,4;3;-0,973;1,75;4,75
"162";"Netherlands";"Ryan Gravenberch";39;92;171;2;12,22;43;13;69,91;29,33;6,16;76;121;2,29;0,141;0,228;19,5;46;85,5;6,11;21,5;6,5;34,955;14,665;3,08;38;1,145;60,5;19,5
"235";"Netherlands";"Donyell Malen";17;49;48;4;8,94;7;2;78,5;33,19;6,25;21;12;-2,8;0,041;0,354;4,25;12,25;12;2,235;1,75;0,5;19,625;8,297;1,562;5,25;-0,7;3;4,25
"274";"Netherlands";"Memphis Depay";43;160;307;4;8,51;19;3;90,13;36,07;3,81;18;23;2,45;0,019;0,14;10,75;40;76,75;2,128;4,75;0,75;22,532;9,018;0,953;4,5;0,613;5,75;10,75
"291";"North Macedonia";"Ivan Trichkovski";3;17;15;1;9,61;7;1;64,84;52,56;5,65;14;11;-0,92;0,059;0,2;3;17;15;9,61;7;1;64,84;52,56;5,65;14;-0,92;11;3
"319";"Netherlands";"Patrick van Aanholt";31;162;261;4;12,59;28;5;72,91;19,13;5,45;44;52;1,35;0,031;0,119;7,75;40,5;65,25;3,148;7;1,25;18,227;4,782;1,362;11;0,338;13;7,75
"333";"Netherlands";"Georginio Wijnaldum";21;114;177;4;12,25;15;1;75,43;37,81;4,96;21;30;3,37;0,009;0,119;5,25;28,5;44,25;3,062;3,75;0,25;18,858;9,453;1,24;5,25;0,843;7,5;5,25
"761";"Netherlands";"Maarten Stekelenburg";17;94;237;4;11,13;15;0;23,08;25,96;3,53;15;4;11,13;0;0,072;4,25;23,5;59,25;2,783;3,75;0;5,77;6,49;0,882;3,75;2,783;1;4,25
"5151";"Netherlands";"Steven Berghuis";9;29;50;2;8,87;14;3;74,44;50,73;4,13;13;18;2,93;0,103;0,18;4,5;14,5;25;4,435;7;1,5;37,22;25,365;2,065;6,5;1,465;9;4,5
"562";"Netherlands";"Jurriën David Norman Timber";25;98;148;3;9,22;10;1;58,88;50,64;5,83;15;21;0,9;0,01;0,169;8,333;32,667;49,333;3,073;3,333;0,333;19,627;16,88;1,943;5;0,3;7;8,333
"6331";"North Macedonia";"Darko Churlinov";0;13;17;2;7,4;2;0;93,12;40,68;3,8;4;0;-0,58;0;0;0;6,5;8,5;3,7;1;0;46,56;20,34;1,9;2;-0,29;0;0
"675";"Netherlands";"Quincy Anton Promes";4;40;57;2;8,28;8;0;86,28;19,75;5,5;21;15;-3,1;0;0,07;2;20;28,5;4,14;4;0;43,14;9,875;2,75;10,5;-1,55;7,5;2
"726";"Netherlands";"Wout Weghorst";4;49;54;4;6;2;0;91,58;42,4;3,6;5;2;0,3;0;0,074;1;12,25;13,5;1,5;0,5;0;22,895;10,6;0,9;1,25;0,075;0,5;1
"738";"North Macedonia";"Ferhan Hasani";0;7;13;1;17,55;6;0;85,66;38,94;3,86;5;9;14,1;0;0;0;7;13;17,55;6;0;85,66;38,94;3,86;5;14,1;9;0
"835";"Netherlands";"Cody Mathès Gakpo";0;6;6;1;13,63;4;0;83,57;32,47;3;4;4;7,52;0;0;0;6;6;13,63;4;0;83,57;32,47;3;4;7,52;4;0
"865";"North Macedonia";"Vlatko Stojanovski";0;2;0;1;0;0;0;71,95;58,1;6;2;0;-8,85;0;0;0;2;0;0;0;0;71,95;58,1;6;2;-8,85;0;0
"820";"England";"Bukayo Saka";10;78;102;4;2,6;2;0;63,75;35,83;6,5;9;1;-7,08;0;0,098;2,5;19,5;25,5;0,65;0,5;0;15,938;8,957;1,625;2,25;-1,77;0,25;2,5
"1032";"England";"Jack Grealish";11;73;109;5;6,9;3;0;86,96;45,18;5,6;4;8;-0,62;0;0,101;2,2;14,6;21,8;1,38;0,6;0;17,392;9,036;1,12;0,8;-0,124;1,6;2,2
"130";"Germany";"Timo Werner";2;28;28;3;4,67;3;0;63,91;39,78;4,54;10;5;-5,11;0;0,071;0,667;9,333;9,333;1,557;1;0;21,303;13,26;1,513;3,333;-1,703;1,667;0,667
"218";"Ukraine";"Taras Stepanenko";22;94;139;2;11,03;33;3;61,59;32,34;4,08;37;42;4,96;0,032;0,158;11;47;69,5;5,515;16,5;1,5;30,795;16,17;2,04;18,5;2,48;21;11
"961";"Sweden";"Dejan Kulusevski";5;38;32;2;6,01;11;1;85,59;35,95;5,79;23;10;-1,29;0,026;0,156;2,5;19;16;3,005;5,5;0,5;42,795;17,975;2,895;11,5;-0,645;5;2,5
"707";"Ukraine";"Ruslan Malinovskiy";34;113;254;4;15,86;16;3;72,43;26,06;4,7;27;45;5,42;0,027;0,134;8,5;28,25;63,5;3,965;4;0,75;18,108;6,515;1,175;6,75;1,355;11,25;8,5
"1043";"Ukraine";"Artem Besedin";0;9;9;2;0;0;0;40,55;9,05;5;2;0;-8,5;0;0;0;4,5;4,5;0;0;0;20,275;4,525;2,5;1;-4,25;0;0
"1179";"Sweden";"Filip Helander";0;3;3;1;4,57;3;0;23,1;27,2;2,67;3;3;4,57;0;0;0;3;3;4,57;3;0;23,1;27,2;2,67;3;4,57;3;0
"1220";"Ukraine";"Artem Dovbyk";0;4;1;1;37,4;1;0;87,15;35,38;3,25;3;0;6,75;0;0;0;4;1;37,4;1;0;87,15;35,38;3,25;3;6,75;0;0
"1252";"Ukraine";"Roman Bezus";0;1;0;1;0;0;0;80,2;50,2;10;1;0;-13,5;0;0;0;1;0;0;0;0;80,2;50,2;10;1;-13,5;0;0
"97";"Spain";"José Luis Gayà Peña";1;43;45;1;11,42;18;1;58,03;19,69;7,05;40;32;-2,62;0,023;0,022;1;43;45;11,42;18;1;58,03;19,69;7,05;40;-2,62;32;1
"1021";"Croatia";"Duje Ćaleta-Car";24;93;128;2;14,63;38;8;42,86;35,08;5,72;40;70;9,08;0,086;0,188;12;46,5;64;7,315;19;4;21,43;17,54;2,86;20;4,54;35;12
"160";"Croatia";"Josip Juranović";6;70;87;2;14,57;6;0;50,64;59,29;4,36;9;11;1,86;0;0,069;3;35;43,5;7,285;3;0;25,32;29,645;2,18;4,5;0,93;5,5;3
"7451";"Croatia";"Mislav Oršić";1;14;27;1;12,63;8;1;98,27;23,36;3,14;7;13;5,32;0,071;0,037;1;14;27;12,63;8;1;98,27;23,36;3,14;7;5,32;13;1
"777";"Croatia";"Ante Budimir";0;6;9;1;9,17;3;0;79,42;34,73;3,5;5;7;-1,52;0;0;0;6;9;9,17;3;0;79,42;34,73;3,5;5;-1,52;7;0
"792";"Croatia";"Mario Pašalić";1;23;27;2;18,09;7;1;72,44;21,99;5;17;20;0,47;0,043;0,037;0,5;11,5;13,5;9,045;3,5;0,5;36,22;10,995;2,5;8,5;0,235;10;0,5
"134";"Belgium";"Romelu Lukaku Menama";8;68;93;5;9,81;8;0;81,59;39,44;3,33;9;2;3,01;0;0,086;1,6;13,6;18,6;1,962;1,6;0;16,318;7,888;0,666;1,8;0,602;0,4;1,6
"219";"Belgium";"Axel Witsel";16;192;198;4;6,79;23;2;57,82;33,53;6,92;48;36;-2,22;0,01;0,081;4;48;49,5;1,698;5,75;0,5;14,455;8,383;1,73;12;-0,555;9;4
"320";"Belgium";"Jan Vertonghen";59;261;446;4;18,99;54;10;58,21;17,45;4,51;58;132;14,97;0,038;0,132;14,75;65,25;111,5;4,747;13,5;2,5;14,552;4,362;1,128;14,5;3,743;33;14,75
"415";"Belgium";"Thomas Vermaelen";13;150;182;5;5,91;18;0;42,02;36,8;6,13;22;8;2,58;0;0,071;2,6;30;36,4;1,182;3,6;0;8,404;7,36;1,226;4,4;0,516;1,6;2,6
"612";"Belgium";"Youri Tielemans";38;198;345;4;11,47;19;2;59,24;37,53;5,19;31;29;2,94;0,01;0,11;9,5;49,5;86,25;2,868;4,75;0,5;14,81;9,383;1,298;7,75;0,735;7,25;9,5
"714";"Belgium";"Toby Alderweireld";30;264;482;4;15,58;37;3;55,73;49,86;5,64;40;57;9,9;0,011;0,062;7,5;66;120,5;3,895;9,25;0,75;13,932;12,465;1,41;10;2,475;14,25;7,5
"1114";"Belgium";"Thorgan Hazard";29;230;219;4;12,26;18;2;57,1;20;5,32;40;30;-2,58;0,009;0,132;7,25;57,5;54,75;3,065;4,5;0,5;14,275;5;1,33;10;-0,645;7,5;7,25
"1211";"Belgium";"Eden Hazard";34;125;174;4;6,97;20;2;69,9;26,6;4,8;33;36;0,22;0,016;0,195;8,5;31,25;43,5;1,742;5;0,5;17,475;6,65;1,2;8,25;0,055;9;8,5
"2110";"Belgium";"Kevin De Bruyne";36;167;363;4;10,45;15;3;81,37;29,95;5,39;19;28;5,66;0,018;0,099;9;41,75;90,75;2,612;3,75;0,75;20,343;7,487;1,347;4,75;1,415;7;9
"88";"Belgium";"Thomas Meunier";35;178;341;5;21,52;25;3;75,8;58,65;3,85;25;38;9,76;0,017;0,103;7;35,6;68,2;4,304;5;0,6;15,16;11,73;0,77;5;1,952;7,6;7
"254";"Belgium";"Thibaut Courtois";20;90;206;5;30,18;18;2;41,39;33,73;3,11;12;17;30,18;0,022;0,097;4;18;41,2;6,036;3,6;0,4;8,278;6,746;0,622;2,4;6,036;3,4;4
"552";"Belgium";"Dries Mertens";2;41;73;4;18,96;7;0;63,29;45,1;2,91;7;8;9,91;0;0,027;0,5;10,25;18,25;4,74;1,75;0;15,822;11,275;0,728;1,75;2,478;2;0,5
"659";"Portugal";"João Félix Sequeira";8;19;42;1;11,09;9;2;82;32,72;5,47;15;25;0,76;0,105;0,19;8;19;42;11,09;9;2;82;32,72;5,47;15;0,76;25;8
"945";"Belgium";"Yannick Ferreira Carrasco";8;43;67;3;5,4;1;0;96,2;34,8;2;0;0;5,4;0;0,119;2,667;14,333;22,333;1,8;0,333;0;32,067;11,6;0,667;0;1,8;0;2,667
"220";"Austria";"Florian Grillitsch";44;154;290;3;12;43;3;58,04;39,89;3,88;64;79;4,35;0,019;0,152;14,667;51,333;96,667;4;14,333;1;19,347;13,297;1,293;21,333;1,45;26,333;14,667
"939";"Austria";"Alessandro Schöpf";2;38;24;2;4,66;5;0;65,64;55,43;5,36;10;7;-3,54;0;0,083;1;19;12;2,33;2,5;0;32,82;27,715;2,68;5;-1,77;3,5;1
"11131";"Austria";"Louis Schaub";4;6;17;1;10,67;4;1;85,73;53,73;3,5;5;14;5,62;0,167;0,235;4;6;17;10,67;4;1;85,73;53,73;3,5;5;5,62;14;4
"1165";"Austria";"Stefan Ilsanker";9;13;22;2;18,05;4;2;67,22;49,4;2;4;9;12,76;0,154;0,409;4,5;6,5;11;9,025;2;1;33,61;24,7;1;2;6,38;4,5;4,5
"1208";"Austria";"Christopher Trimmel";0;1;0;1;10,3;1;0;79,9;51;5;1;0;10,3;0;0;0;1;0;10,3;1;0;79,9;51;5;1;10,3;0;0
"2111";"Hungary";"Endre Botka";9;65;147;3;15,7;16;1;46,73;61,77;4,14;15;21;8,66;0,015;0,061;3;21,667;49;5,233;5,333;0,333;15,577;20,59;1,38;5;2,887;7;3
"251";"Hungary";"Attila Szalai";30;106;259;3;24,5;23;3;49,11;23,37;3,07;20;40;17,79;0,028;0,116;10;35,333;86,333;8,167;7,667;1;16,37;7,79;1,023;6,667;5,93;13,333;10
"262";"Hungary";"Péter Gulácsi";6;58;124;3;33,06;16;2;44,96;48,51;2,75;12;23;33,06;0,034;0,048;2;19,333;41,333;11,02;5,333;0,667;14,987;16,17;0,917;4;11,02;7,667;2
"302";"Hungary";"Ádám Nagy";21;99;157;3;17,28;15;0;49,12;47,39;4,36;21;35;7,03;0;0,134;7;33;52,333;5,76;5;0;16,373;15,797;1,453;7;2,343;11,667;7
"416";"Hungary";"Willi Orban";13;68;115;3;19,25;13;0;38,66;43,82;4,95;16;16;10,53;0;0,113;4,333;22,667;38,333;6,417;4,333;0;12,887;14,607;1,65;5,333;3,51;5,333;4,333
"441";"Hungary";"Loïc Négo";13;47;88;3;14,94;12;2;58,21;67,31;3,59;13;29;6,45;0,043;0,148;4,333;15,667;29,333;4,98;4;0,667;19,403;22,437;1,197;4,333;2,15;9,667;4,333
"453";"Hungary";"László Kleinheisler";16;52;75;3;8,73;9;1;62,92;52,67;4,53;13;11;-1,31;0,019;0,213;5,333;17,333;25;2,91;3;0,333;20,973;17,557;1,51;4,333;-0,437;3,667;5,333
"531";"Hungary";"Roland Sallai";3;34;56;3;8,82;6;1;64,17;31,25;3,33;10;11;1,73;0,029;0,054;1;11,333;18,667;2,94;2;0,333;21,39;10,417;1,11;3,333;0,577;3,667;1
"563";"Hungary";"Ádám Szalai";7;27;54;3;18,36;9;2;72,05;53,1;1,27;6;15;14,2;0,074;0,13;2,333;9;18;6,12;3;0,667;24,017;17,7;0,423;2;4,733;5;2,333
"60";"Hungary";"András Schäfer";11;56;77;3;11,77;11;2;63,8;22,83;4,33;15;32;2,39;0,036;0,143;3,667;18,667;25,667;3,923;3,667;0,667;21,267;7,61;1,443;5;0,797;10,667;3,667
"672";"Hungary";"Attila Fiola";7;62;108;3;12,21;10;1;63,35;14,61;3,87;8;17;5,91;0,016;0,065;2,333;20,667;36;4,07;3,333;0,333;21,117;4,87;1,29;2,667;1,97;5,667;2,333
"697";"Hungary";"Szabolcs Schön";0;5;9;2;22,4;2;0;80,2;25,3;0,67;2;2;13,9;0;0;0;2,5;4,5;11,2;1;0;40,1;12,65;0,335;1;6,95;1;0
"7621";"Germany";"Kevin Volland";2;8;16;2;5,5;1;1;79,7;68,9;2;2;2;0,4;0,125;0,125;1;4;8;2,75;0,5;0,5;39,85;34,45;1;1;0,2;1;1
"7631";"Germany";"Jamal Musiala";0;5;1;1;2,55;2;0;79,18;26,92;5,6;5;1;-2,72;0;0;0;5;1;2,55;2;0;79,18;26,92;5,6;5;-2,72;1;0
"7921";"Hungary";"Kevin Varga";0;5;7;2;8,2;2;0;78,93;10,9;3;3;4;1,77;0;0;0;2,5;3,5;4,1;1;0;39,465;5,45;1,5;1,5;0,885;2;0
"8231";"Hungary";"Gergő Lovrencsics";9;29;80;3;0;0;0;4,6;45,6;5;1;0;-10;0;0,112;3;9,667;26,667;0;0;0;1,533;15,2;1,667;0,333;-3,333;0;3
"829";"Hungary";"Nemanja Nikolić";0;13;5;2;13,3;1;0;69,2;5;1,5;1;0;5,15;0;0;0;6,5;2,5;6,65;0,5;0;34,6;2,5;0,75;0,5;2,575;0;0
"135";"Scotland";"Stuart Armstrong";14;56;103;3;10,96;15;3;71,51;37,12;3,87;17;25;3,2;0,054;0,136;4,667;18,667;34,333;3,653;5;1;23,837;12,373;1,29;5,667;1,067;8,333;4,667
"222";"Scotland";"Kieran Tierney";0;80;133;2;16,75;24;0;66,03;29,38;3,67;30;35;5,19;0;0;0;40;66,5;8,375;12;0;33,015;14,69;1,835;15;2,595;17,5;0
"323";"Scotland";"Stephen O""Donnell";15;90;220;3;18,37;11;1;71,47;58,46;4;12;13;4,9;0,011;0,068;5;30;73,333;6,123;3,667;0,333;23,823;19,487;1,333;4;1,633;4,333;5
"513";"Scotland";"Grant Hanley";2;80;44;3;7,68;4;0;21,6;45,15;3,88;7;0;-6,38;0;0,045;0,667;26,667;14,667;2,56;1,333;0;7,2;15,05;1,293;2,333;-2,127;0;0,667
"613";"Scotland";"David Marshall";0;76;121;3;38;26;0;48,71;32,32;0,5;17;20;38;0;0;0;25,333;40,333;12,667;8,667;0;16,237;10,773;0,167;5,667;12,667;6,667;0
"715";"Scotland";"Callum McGregor";11;86;106;3;12,05;20;3;66,63;36;4,61;30;44;3,68;0,035;0,104;3,667;28,667;35,333;4,017;6,667;1;22,21;12;1,537;10;1,227;14,667;3,667
"89";"Scotland";"John McGinn";29;79;154;3;15,36;18;4;84,71;44,59;3,54;22;46;8,25;0,051;0,188;9,667;26,333;51,333;5,12;6;1,333;28,237;14,863;1,18;7,333;2,75;15,333;9,667
"242";"Scotland";"Scott McTominay";24;109;201;3;14,92;24;7;61,85;47,14;3,29;26;55;8,53;0,064;0,119;8;36,333;67;4,973;8;2,333;20,617;15,713;1,097;8,667;2,843;18,333;8
"402";"Scotland";"Andrew Robertson";36;136;268;3;17,1;21;4;67,66;32,59;3,31;33;39;4,67;0,029;0,134;12;45,333;89,333;5,7;7;1,333;22,553;10,863;1,103;11;1,557;13;12
"716";"Scotland";"Che Adams";20;47;64;3;9,59;8;1;79,73;39,72;3,36;9;11;1,59;0,021;0,312;6,667;15,667;21,333;3,197;2,667;0,333;26,577;13,24;1,12;3;0,53;3,667;6,667
"801";"Scotland";"Lyndon Dykes";6;47;97;3;9,3;8;1;77,82;42,95;2,64;7;7;5,52;0,021;0,062;2;15,667;32,333;3,1;2,667;0,333;25,94;14,317;0,88;2,333;1,84;2,333;2
"444";"Scotland";"Scott McKenna";0;16;24;1;13,73;12;0;55,69;45,42;2,94;13;8;8,23;0;0;0;16;24;13,73;12;0;55,69;45,42;2,94;13;8,23;8;0
"677";"Croatia";"Borna Barišić";2;13;19;1;16,29;9;1;66,6;14,24;3;10;14;9,5;0,077;0,105;2;13;19;16,29;9;1;66,6;14,24;3;10;9,5;14;2
"6851";"Scotland";"Ryan Fraser";2;16;20;2;13,75;2;0;93,97;36,88;3,17;4;10;2,12;0;0,1;1;8;10;6,875;1;0;46,985;18,44;1,585;2;1,06;5;1
"774";"Scotland";"Kevin Nisbet";0;7;3;3;0;0;0;52,6;22;6,5;1;0;-8,35;0;0;0;2,333;1;0;0;0;17,533;7,333;2,167;0,333;-2,783;0;0
"779";"Scotland";"Nathan Patterson";0;8;6;1;12,17;3;0;57,44;56,58;5,25;7;2;1,58;0;0;0;8;6;12,17;3;0;57,44;56,58;5,25;7;1,58;2;0
"768";"Czech Republic";"Tomáš Pekhart";0;4;2;1;11,1;1;0;69,45;24,62;5,75;1;0;-2,88;0;0;0;4;2;11,1;1;0;69,45;24,62;5,75;1;-2,88;0;0
"7721";"England";"Tyrone Mings";6;121;130;3;33,77;3;1;40,61;36,22;3,67;8;6;0,19;0,008;0,046;2;40,333;43,333;11,257;1;0,333;13,537;12,073;1,223;2,667;0,063;2;2
"324";"Belgium";"Jason Denayer";7;136;152;2;12,31;45;2;67,15;62,56;7,9;62;73;5,4;0,015;0,046;3,5;68;76;6,155;22,5;1;33,575;31,28;3,95;31;2,7;36,5;3,5
"417";"Belgium";"Anga Dedryck Boyata";8;153;96;2;9,48;67;1;64,31;37,13;9,17;70;63;8,73;0,007;0,083;4;76,5;48;4,74;33,5;0,5;32,155;18,565;4,585;35;4,365;31,5;4
"99";"Belgium";"Leandro Trossard";2;44;70;1;14,4;20;1;72,6;56,7;6,57;36;39;1,41;0,023;0,029;2;44;70;14,4;20;1;72,6;56,7;6,57;36;1,41;39;2
"146";"Belgium";"Jeremy Doku";4;52;78;2;7,29;16;1;91,04;55,91;5,36;25;38;-0,1;0,019;0,051;2;26;39;3,645;8;0,5;45,52;27,955;2,68;12,5;-0,05;19;2
"153";"Finland";"Glen Kamara";25;135;204;3;10,42;25;2;60,8;29,91;6,96;44;56;1,98;0,015;0,123;8,333;45;68;3,473;8,333;0,667;20,267;9,97;2,32;14,667;0,66;18,667;8,333
"163";"Finland";"Tim Sparv";25;63;88;2;14,56;17;8;51,59;32,75;6,95;33;43;1,94;0,127;0,284;12,5;31,5;44;7,28;8,5;4;25,795;16,375;3,475;16,5;0,97;21,5;12,5
"174";"Finland";"Teemu Pukki";9;37;46;3;11,4;4;0;66,86;32,98;4,67;14;7;-2,94;0;0,196;3;12,333;15,333;3,8;1,333;0;22,287;10,993;1,557;4,667;-0,98;2,333;3
"186";"Finland";"Joel Pohjanpalo";3;46;80;3;9,14;9;1;65,8;28,55;3,69;11;11;4,64;0,022;0,038;1;15,333;26,667;3,047;3;0,333;21,933;9,517;1,23;3,667;1,547;3,667;1
"236";"Belgium";"Nacer Chadli";0;54;54;2;6,09;22;0;79,48;18,19;7,06;44;28;-3,2;0;0;0;27;27;3,045;11;0;39,74;9,095;3,53;22;-1,6;14;0
"541";"Finland";"Robin Lod";20;90;144;3;6,35;15;1;57,72;45,03;5,93;22;22;-1,19;0,011;0,139;6,667;30;48;2,117;5;0,333;19,24;15,01;1,977;7,333;-0,397;7,333;6,667
"583";"Finland";"Joona Toivio";37;95;266;3;16,37;28;6;44,22;53,51;6,74;33;65;9,14;0,063;0,139;12,333;31,667;88,667;5,457;9,333;2;14,74;17,837;2,247;11;3,047;21,667;12,333
"601";"Finland";"Paulus Arajuuri";16;77;127;3;13,32;30;5;46,11;36,07;7,46;40;62;8,2;0,065;0,126;5,333;25,667;42,333;4,44;10;1,667;15,37;12,023;2,487;13,333;2,733;20,667;5,333
"642";"Finland";"Daniel O""Shaughnessy";51;122;378;3;16,09;33;4;58,19;24,79;7,19;38;60;8,45;0,033;0,135;17;40,667;126;5,363;11;1,333;19,397;8,263;2,397;12,667;2,817;20;17
"841";"Finland";"Jukka Raitala";15;66;167;3;18,29;14;2;62,68;44,18;5,29;15;15;6,62;0,03;0,09;5;22;55,667;6,097;4,667;0,667;20,893;14,727;1,763;5;2,207;5;5
"971";"Finland";"Lukáš Hrádecký";31;54;287;3;61,18;12;1;67,96;44,26;2,46;3;11;56,26;0,019;0,108;10,333;18;95,667;20,393;4;0,333;22,653;14,753;0,82;1;18,753;3,667;10,333
"1071";"Finland";"Jere Juhani Uronen";27;74;160;3;14,83;13;3;64,48;19,86;6;20;24;1,97;0,041;0,169;9;24,667;53,333;4,943;4,333;1;21,493;6,62;2;6,667;0,657;8;9
"6711";"Finland";"Rasmus Schüller";5;48;94;3;10,16;11;1;64,68;33,67;6,3;17;13;2,79;0,021;0,053;1,667;16;31,333;3,387;3,667;0,333;21,56;11,223;2,1;5,667;0,93;4,333;1,667
"7071";"Finland";"Nikolai Alho";0;5;10;1;7,8;2;0;92,68;50,9;5,4;3;0;-1,74;0;0;0;5;10;7,8;2;0;92,68;50,9;5,4;3;-1,74;0;0
"7111";"Finland";"Joni Ensio Kauko";13;27;68;3;15,11;8;3;75,5;41,33;3,7;8;28;9,66;0,111;0,191;4,333;9;22,667;5,037;2,667;1;25,167;13,777;1,233;2,667;3,22;9,333;4,333
"7831";"Belgium";"Michy Batshuayi Tunga";0;9;6;1;8,47;3;0;58,03;17,28;6,56;8;6;-0,36;0;0;0;9;6;8,47;3;0;58,03;17,28;6,56;8;-0,36;6;0
"844";"Belgium";"Christian Benteke Liolo";0;4;4;1;6;1;0;78,57;30,05;5,5;3;0;-1,75;0;0;0;4;4;6;1;0;78,57;30,05;5,5;3;-1,75;0;0
"9081";"Belgium";"Hans Vanaken";0;2;1;1;8,5;1;0;59,5;50,85;7,5;2;1;-2,5;0;0;0;2;1;8,5;1;0;59,5;50,85;7,5;2;-2,5;1;0
"937";"Finland";"Fredrik Jensen";0;3;5;2;6,6;1;0;85,3;27,8;6;1;1;6,6;0;0;0;1,5;2,5;3,3;0,5;0;42,65;13,9;3;0,5;3,3;0,5;0
"646";"Ukraine";"Marlos Romero Bonfim";0;30;25;2;7,92;4;0;70,75;48,65;6,62;7;2;-0,04;0;0;0;15;12,5;3,96;2;0;35,375;24,325;3,31;3,5;-0,02;1;0
"109";"Russia";"Dmitriy Barinov";2;90;162;2;11,85;47;1;63,97;56,34;7,6;58;64;4,7;0,011;0,012;1;45;81;5,925;23,5;0,5;31,985;28,17;3,8;29;2,35;32;1
"660";"Finland";"Pyry Henri Hidipo Soiri";3;8;9;1;7,47;4;1;41,8;59,73;6,38;7;9;-2,05;0,125;0,333;3;8;9;7,47;4;1;41,8;59,73;6,38;7;-2,05;9;3
"7012";"Finland";"Lassi Lappalainen";0;5;13;1;10,12;4;0;101,46;53,86;3,6;3;1;6,9;0;0;0;5;13;10,12;4;0;101,46;53,86;3,6;3;6,9;1;0
"7951";"Turkey";"Orkun Kökçü";0;6;14;1;18,32;4;0;80,38;43,47;4,33;5;7;9,42;0;0;0;6;14;18,32;4;0;80,38;43,47;4,33;5;9,42;7;0
"8232";"Switzerland";"Loris Benito";0;6;6;1;6,83;4;0;86,3;13,37;4;3;3;3,48;0;0;0;6;6;6,83;4;0;86,3;13,37;4;3;3,48;3;0
"8272";"Turkey";"Dorukhan Toköz";2;4;13;1;10,27;3;1;68,53;57,33;3;3;7;7,5;0,25;0,154;2;4;13;10,27;3;1;68,53;57,33;3;3;7,5;7;2
"8441";"Switzerland";"Admir Mehmedi";0;22;26;2;9,02;4;0;82,93;27;4,14;6;8;0,71;0;0;0;11;13;4,51;2;0;41,465;13,5;2,07;3;0,355;4;0
"2112";"France";"Benjamin Pavard";18;153;248;3;10,35;44;2;73,96;63,07;5,19;66;93;3,18;0,013;0,073;6;51;82,667;3,45;14,667;0,667;24,653;21,023;1,73;22;1,06;31;6
"588";"France";"Ousmane Dembélé";2;7;3;1;9,8;1;1;84,83;56,87;6,57;4;3;-3,89;0,143;0,667;2;7;3;9,8;1;1;84,83;56,87;6,57;4;-3,89;3;2
"682";"Hungary";"Tamás Cseri";0;1;0;1;0,5;1;0;56,8;76,3;5;1;0;0,5;0;0;0;1;0;0,5;1;0;56,8;76,3;5;1;0,5;0;0
"7161";"France";"Olivier Giroud";2;10;5;2;7,82;4;1;102,75;25,17;0;2;3;7,82;0,1;0,4;1;5;2,5;3,91;2;0,5;51,375;12,585;0;1;3,91;1,5;1
"786";"France";"Thomas Lemar";5;7;14;1;11,13;3;1;80,06;27,61;6,57;6;5;-0,73;0,143;0,357;5;7;14;11,13;3;1;80,06;27,61;6,57;6;-0,73;5;5
"164";"England";"Reece James";17;81;95;1;10,92;35;5;62,17;61,85;5,36;79;91;-2,59;0,062;0,179;17;81;95;10,92;35;5;62,17;61,85;5,36;79;-2,59;91;17
"252";"England";"Philip Foden";14;71;61;3;18,78;12;1;77,42;56,44;5,34;24;13;2,4;0,014;0,23;4,667;23,667;20,333;6,26;4;0,333;25,807;18,813;1,78;8;0,8;4,333;4,667
"325";"Scotland";"Billy Gilmour";6;44;44;1;9,74;19;3;61,62;43,87;5,7;40;37;-0,59;0,068;0,136;6;44;44;9,74;19;3;61,62;43,87;5,7;40;-0,59;37;6
"223";"North Macedonia";"Stefan Spirovski";9;11;14;1;8,91;8;4;63,16;46,76;6;11;14;3,62;0,364;0,643;9;11;14;8,91;8;4;63,16;46,76;6;11;3,62;14;9
"686";"North Macedonia";"Kire Ristevski";0;8;19;1;13,95;6;0;52,99;18,95;4,25;7;19;6,64;0;0;0;8;19;13,95;6;0;52,99;18,95;4,25;7;6,64;19;0
"718";"North Macedonia";"Daniel Avramovski";0;3;0;1;0;0;0;24,67;51,13;4,67;3;0;-16,8;0;0;0;3;0;0;0;0;24,67;51,13;4,67;3;-16,8;0;0
"623";"Belgium";"Leander Dendoncker";0;81;66;2;9,48;9;0;55,26;48,64;6,48;23;14;-0,86;0;0;0;40,5;33;4,74;4,5;0;27,63;24,32;3,24;11,5;-0,43;7;0
"8511";"Denmark";"Andreas Skov Olsen";0;19;8;2;4,03;3;0;70,32;60,52;5,8;5;3;-1,72;0;0;0;9,5;4;2,015;1,5;0;35,16;30,26;2,9;2,5;-0,86;1,5;0
"800";"Belgium";"Dennis Praet";0;8;10;2;13,2;2;0;67,87;31,17;4,67;2;0;6,57;0;0;0;4;5;6,6;1;0;33,935;15,585;2,335;1;3,285;0;0
"1016";"Denmark";"Jonas Older Wind";7;17;26;2;11,62;4;1;62,62;61,58;3,2;4;8;6,98;0,059;0,269;3,5;8,5;13;5,81;2;0,5;31,31;30,79;1,6;2;3,49;4;3,5
"6831";"Wales";"Tyler Roberts";0;4;3;1;4,15;2;0;85,12;59,92;7;4;3;-1,38;0;0;0;4;3;4,15;2;0;85,12;59,92;7;4;-1,38;3;0
"688";"Wales";"David Brooks";2;8;8;2;0;0;0;66,1;52,6;10;2;0;-11,13;0;0,25;1;4;4;0;0;0;33,05;26,3;5;1;-5,565;0;1
"739";"Denmark";"Nicolai Møller Boilesen";0;3;8;1;4,87;3;0;86,57;25,93;3,67;2;3;4,87;0;0;0;3;8;4,87;3;0;86,57;25,93;3,67;2;4,87;3;0
"810";"Netherlands";"Marten de Roon";17;145;222;3;10,75;40;4;71,04;49,22;6,86;67;74;2,46;0,028;0,077;5,667;48,333;74;3,583;13,333;1,333;23,68;16,407;2,287;22,333;0,82;24,667;5,667
"2113";"Ukraine";"Oleksandr Zubkov";0;4;5;1;18,15;2;0;61,77;25,23;4,5;4;5;5,65;0;0;0;4;5;18,15;2;0;61,77;25,23;4,5;4;5,65;5;0
"778";"Netherlands";"Owen Wijndal";0;22;34;2;17,4;2;0;82,52;27,33;7,5;9;0;-8,13;0;0;0;11;17;8,7;1;0;41,26;13,665;3,75;4,5;-4,065;0;0
"7791";"Netherlands";"Nathan Aké";5;35;34;2;9,56;5;1;64,17;41,09;8,43;21;19;-3,09;0,029;0,147;2,5;17,5;17;4,78;2,5;0,5;32,085;20,545;4,215;10,5;-1,545;9,5;2,5
"963";"Netherlands";"Joël Veltman";2;8;23;1;21,96;5;1;50,4;55,88;3,12;7;21;7,28;0,125;0,087;2;8;23;21,96;5;1;50,4;55,88;3,12;7;7,28;21;2
"980";"Netherlands";"Luuk de Jong";0;12;15;2;10,13;3;0;95,46;54,74;1,8;2;0;3,04;0;0;0;6;7,5;5,065;1,5;0;47,73;27,37;0,9;1;1,52;0;0
"303";"France";"Clément Lenglet";12;36;47;1;8,12;31;6;59,06;37,64;5,08;34;45;6,56;0,167;0,255;12;36;47;8,12;31;6;59,06;37,64;5,08;34;6,56;45;12
"956";"France";"Marcus Thuram";0;3;2;1;3;1;0;94,33;27,37;5;2;0;-4,6;0;0;0;3;2;3;1;0;94,33;27,37;5;2;-4,6;0;0
"175";"Czech Republic";"Pavel Kadeřábek";11;35;77;1;15,84;23;4;60,57;18,03;3,4;26;38;4,59;0,114;0,143;11;35;77;15,84;23;4;60,57;18,03;3,4;26;4,59;38;11
"6771";"Austria";"Valentino Lazaro";3;10;13;1;10,63;3;1;75,72;57,09;6,5;9;13;-2,76;0,1;0,231;3;10;13;10,63;3;1;75,72;57,09;6,5;9;-2,76;13;3
"9001";"Austria";"Karim Onisiwo";0;1;0;1;0;0;0;36,5;28,7;0;1;0;-9,7;0;0;0;1;0;0;0;0;36,5;28,7;0;1;-9,7;0;0
"1212";"Poland";"Grzegorz Krychowiak";18;78;194;2;13,53;28;2;73,2;34,14;6,61;30;47;8,72;0,026;0,093;9;39;97;6,765;14;1;36,6;17,07;3,305;15;4,36;23,5;9
"2114";"Poland";"Maciej Rybus";5;38;65;1;15,41;16;2;74,13;23,43;7,03;30;16;-0,81;0,053;0,077;5;38;65;15,41;16;2;74,13;23,43;7,03;30;-0,81;16;5
"584";"Slovakia";"Jakub Hromada";4;33;41;2;11,95;13;0;46,87;37,02;6,22;19;11;3,5;0;0,098;2;16,5;20,5;5,975;6,5;0;23,435;18,51;3,11;9,5;1,75;5,5;2
"806";"Slovakia";"Ján Greguš";0;1;0;1;0;0;0;34;31,5;4;1;0;-3,4;0;0;0;1;0;0;0;0;34;31,5;4;1;-3,4;0;0
"136";"Scotland";"Ryan Christie";3;8;4;1;11,5;1;1;78,51;44,47;6,12;7;4;-7,14;0,125;0,75;3;8;4;11,5;1;1;78,51;44,47;6,12;7;-7,14;4;3
"224";"Scotland";"Liam Cooper";16;68;116;1;18,43;40;6;49,37;29,78;3,72;57;55;7,51;0,088;0,138;16;68;116;18,43;40;6;49,37;29,78;3,72;57;7,51;55;16
"187";"Scotland";"Jack Hendry";6;21;51;1;18,11;15;2;60,91;54,66;3,33;18;36;10;0,095;0,118;6;21;51;18,11;15;2;60,91;54,66;3,33;18;10;36;6
"5841";"Scotland";"James Forrest";0;5;6;1;18,55;2;0;61,54;43,32;5,4;3;1;3,14;0;0;0;5;6;18,55;2;0;61,54;43,32;5,4;3;3,14;1;0
"679";"Hungary";"David Siger";0;4;4;1;4,45;2;0;48,5;33,83;5,25;3;0;-1,72;0;0;0;4;4;4,45;2;0;48,5;33,83;5,25;3;-1,72;0;0
"725";"Hungary";"Roland Varga";0;1;5;1;18,9;1;0;84,2;76,7;0;1;5;18,9;0;0;0;1;5;18,9;1;0;84,2;76,7;0;1;18,9;5;0
"225";"Denmark";"Christian Dannemann Eriksen";2;26;21;1;8,82;11;1;83,13;41,11;6,81;20;15;0,31;0,038;0,095;2;26;21;8,82;11;1;83,13;41,11;6,81;20;0,31;15;2
"785";"Finland";"Marcus Forss";0;1;0;1;0;0;0;49,8;49,8;2;1;0;-5,1;0;0;0;1;0;0;0;0;49,8;49,8;2;1;-5,1;0;0
"8101";"Finland";"Leo Onni Artturi Väisänen";0;1;6;1;62,7;1;0;101,3;66,1;0;0;0;62,7;0;0;0;1;6;62,7;1;0;101,3;66,1;0;0;62,7;0;0
"425";"Slovakia";"Stanislav Lobotka";6;23;22;1;7,81;12;1;48;46,5;6,7;22;20;0,91;0,043;0,273;6;23;22;7,81;12;1;48;46,5;6,7;22;0,91;20;6
"704";"Spain";"Adama Traoré Diarra";0;13;4;1;7,2;2;0;75,39;51,08;7,77;12;4;-8,08;0;0;0;13;4;7,2;2;0;75,39;51,08;7,77;12;-8,08;4;0
"7141";"Slovakia";"Tomáš Suslov";0;4;0;1;0;0;0;62,7;57,25;9;4;0;-10,95;0;0;0;4;0;0;0;0;62,7;57,25;9;4;-10,95;0;0
"504";"Poland";"Jakub Świerczok";0;6;4;1;13,7;1;0;61,8;49,83;5;6;4;-2,37;0;0;0;6;4;13,7;1;0;61,8;49,83;5;6;-2,37;4;0
"5771";"Poland";"Przemysław Płacheta";2;9;32;1;10,59;8;1;84,51;54,66;4,11;4;7;9,02;0,111;0,062;2;9;32;10,59;8;1;84,51;54,66;4,11;4;9,02;7;2
"165";"Russia";"Andrey Semenov";14;47;89;1;15,68;33;3;46,22;52,04;7,66;40;40;7,01;0,064;0,157;14;47;89;15,68;33;3;46,22;52,04;7,66;40;7,01;40;14
"253";"Belgium";"Timothy Castagne";5;10;10;1;6,86;5;2;66,66;65,8;7,7;10;10;-1,81;0,2;0,5;5;10;10;6,86;5;2;66,66;65,8;7,7;10;-1,81;10;5
"571";"Russia";"Anton Shunin";7;15;77;1;35,4;15;2;49,63;37,56;4,2;10;34;35,4;0,133;0,091;7;15;77;35,4;15;2;49,63;37,56;4,2;10;35,4;34;7
"931";"Russia";"Yuri Zhirkov";3;11;29;1;24,17;6;1;56,97;17,06;6,36;8;18;9,7;0,091;0,103;3;11;29;24,17;6;1;56,97;17,06;6,36;8;9,7;18;3
"480";"Russia";"Denis Cheryshev";0;3;0;1;0;0;0;76,8;43,63;6,67;2;0;-2,2;0;0;0;3;0;0;0;0;76,8;43,63;6,67;2;-2,2;0;0
